# Wavefront OBJ file
# Exported by Maverick Model 3D 1.3.12
# Sat Feb 08 15:51:39 2020

mtllib pscontroller.mtl

# 464 Vertices
v -25.790882 6.085328 -13.950327
v -25.790882 18.313393 -13.950327
v -27.599257 6.68812 -11.969725
v -28.862249 18.313393 -9.587262
v -28.862249 7.319616 -9.587262
v -29.436337 18.313393 -6.946459
v -33.569767 0.0 15.041093
v -33.569767 5.166788 15.041093
v -31.962322 0.0 18.456915
v -30.555807 5.166788 19.748611
v -26.996466 0.0 21.069012
v -25.101976 5.166788 20.982899
v -23.264896 0.0 20.408812
v -21.657452 5.166788 19.375454
v -20.365755 0.0 17.968939
v -27.915007 18.944887 -1.980602
v -26.565901 18.944887 0.143522
v -22.461174 18.944887 3.042664
v -19.992598 18.944887 3.588047
v -10.405336 18.944887 -10.132645
v -8.769187 18.514322 -7.864999
v -9.343274 18.944887 -7.778886
v -9.802544 18.428209 -10.419688
v -11.754442 18.944887 -12.256768
v -11.266468 18.342096 -12.687334
v -13.620226 18.944887 -13.979031
v -13.476704 18.112461 -14.639232
v -15.859168 18.944887 -15.15591
v -16.031393 18.083757 -15.844815
v -18.327744 18.944887 -15.701294
v -18.270334 18.141167 -16.33279
v -20.825026 18.944887 -15.586476
v -20.939842 18.141167 -16.217972
v -23.236193 18.944887 -14.811458
v -23.523235 18.16987 -15.41425
v -25.360315 18.944887 -13.462352
v -27.082579 18.944887 -11.596568
v -27.599257 18.313393 -11.969725
v -28.259459 18.944887 -9.357627
v -28.80484 18.944887 -6.88905
v -28.690023 18.944887 -4.39177
v -14.423949 8.008521 6.716824
v -9.343274 7.635364 -2.784324
v -14.223018 17.653191 -19.346748
v -16.662889 17.653191 -20.035654
v -14.223018 13.31883 -19.231932
v -19.160172 13.31883 -20.121767
v -14.251723 3.760273 -17.0504
v -19.160172 17.653191 -20.265289
v -19.160172 3.415821 -17.940235
v -21.657452 17.653191 -20.035654
v -24.097324 17.653191 -19.346748
v -24.097324 13.31883 -19.231932
v -24.068619 3.760273 -17.0504
v -13.562818 16.246677 -14.667936
v -13.648931 12.141951 -14.725345
v -24.700115 17.882826 -14.667936
v -13.821157 14.23737 -15.356841
v -14.768401 15.098502 6.142736
v -9.113639 18.944887 -3.042664
v -12.271121 19.031 -2.181533
v -9.31457 18.944887 -5.109379
v -2.827381 10.333575 4.276952
v -2.597746 7.750181 3.415821
v -3.458877 7.750181 6.630711
v -3.458877 19.145819 6.630711
v -5.84134 7.750181 8.98447
v -5.84134 19.145819 8.98447
v -9.056231 7.750181 9.874305
v -9.056231 19.145819 9.874305
v -12.299825 7.750181 8.98447
v -12.299825 19.145819 8.98447
v -6.903402 19.54768 3.415821
v -7.190446 19.54768 4.477883
v -7.965464 19.54768 5.252901
v -9.056231 19.54768 5.568649
v -10.118292 19.54768 5.252901
v -14.653584 19.145819 6.630711
v -10.922015 19.54768 4.477883
v -15.428602 18.858774 3.100073
v -14.653584 19.031 0.172226
v -11.209059 19.54768 3.415821
v -10.922015 19.54768 2.325054
v -10.118292 19.54768 1.550036
v -5.812636 18.944887 -2.181533
v -9.056231 19.54768 1.262993
v -3.458877 19.145819 0.172226
v -7.965464 19.54768 1.550036
v -7.190446 19.54768 2.325054
v -2.597746 19.145819 3.415821
v -6.903402 20.896786 3.415821
v -7.190446 20.896786 4.477883
v -7.965464 20.896786 5.252901
v -9.056231 20.896786 5.568649
v -10.118292 20.896786 5.252901
v -10.922015 20.896786 4.477883
v -11.209059 20.896786 3.415821
v -10.922015 20.896786 2.325054
v -10.118292 20.896786 1.550036
v -9.056231 20.896786 1.262993
v -7.965464 20.896786 1.550036
v -7.190446 20.896786 2.325054
v -5.18114 22.590343 3.415821
v -5.324662 21.298647 5.568649
v -5.697819 22.590343 5.339014
v -6.903402 21.298647 7.118685
v -7.104333 22.590343 6.774233
v -9.056231 21.298647 7.721477
v -9.056231 22.590343 7.290911
v -11.209059 21.298647 7.118685
v -11.008128 22.590343 6.774233
v -12.787799 21.298647 5.568649
v -12.414643 22.590343 5.339014
v -13.361887 21.298647 3.415821
v -12.931321 22.590343 3.415821
v -12.787799 21.298647 1.262993
v -12.414643 22.590343 1.463923
v -11.209059 21.298647 -0.315748
v -11.008128 22.590343 0.028704
v -9.056231 21.298647 -0.889836
v -9.056231 22.590343 -0.487974
v -6.903402 21.298647 -0.315748
v -7.104333 22.590343 0.028704
v -5.324662 21.298647 1.262993
v -5.697819 22.590343 1.463923
v -4.750574 21.298647 3.415821
v -9.056231 23.451475 3.415821
v -16.117508 18.973593 -4.334361
v -17.495317 18.944887 3.473229
v -3.286651 14.208666 5.97051
v -2.597746 18.141167 3.415821
v -2.827381 18.083757 4.276952
v -3.458877 18.342096 0.172226
v -12.472051 18.083757 -13.806805
v 3.430173 18.342096 0.172226
v 9.77384 18.428209 -10.419688
v -0.014352 18.083757 -13.7781
v 5.611705 18.22728 -13.232717
v -0.014352 14.208666 5.999215
v -0.014352 14.208666 -15.529067
v 8.740482 18.514322 -7.864999
v -5.64041 18.22728 -13.232717
v -0.014352 18.514322 -4.793631
v -8.826596 18.514322 -2.927846
v -8.826596 18.629141 -4.764926
v -4.377417 18.543028 -5.425127
v -0.014352 10.333575 4.248248
v -5.84134 18.543028 -2.238941
v 5.812636 18.543028 -2.238941
v -29.32152 18.313393 -4.276952
v -24.700115 18.944887 1.865784
v -24.068619 5.166788 -15.041093
v -13.90727 4.908448 -14.553119
v -17.78236 18.944887 -5.941806
v -16.949934 18.973593 -4.822335
v -19.160172 18.944887 -6.056623
v -17.437908 18.944887 -0.889836
v -17.437908 18.973593 -3.473229
v -16.576777 18.944887 -7.750181
v -17.437908 18.944887 -11.223411
v -20.882433 18.944887 -3.473229
v -0.014352 18.083757 4.248248
v 2.569042 18.141167 3.415821
v 4.520939 18.485619 -7.003868
v 5.439479 18.514322 -6.68812
v 27.599257 6.68812 -11.969725
v 25.790882 18.313393 -13.950327
v 25.790882 6.085328 -13.950327
v 28.862249 7.319616 -9.587262
v 28.862249 18.313393 -9.587262
v 33.569767 0.0 15.041093
v 29.436337 18.313393 -6.946459
v 31.962322 0.0 18.456915
v 33.569767 5.166788 15.041093
v 26.996466 0.0 21.069012
v 30.555807 5.166788 19.748611
v 23.264896 0.0 20.408812
v 25.101976 5.166788 20.982899
v 20.365755 0.0 17.968939
v 21.657452 5.166788 19.375454
v 26.565901 18.944887 0.143522
v 27.915007 18.944887 -1.980602
v 19.992598 18.944887 3.588047
v 22.461174 18.944887 3.042664
v 9.31457 18.944887 -7.778886
v 10.376632 18.944887 -10.132645
v 11.237763 18.342096 -12.687334
v 11.725738 18.944887 -12.256768
v 13.448 18.112461 -14.639232
v 13.591522 18.944887 -13.979031
v 16.002689 18.083757 -15.844815
v 15.830463 18.944887 -15.15591
v 18.241631 18.141167 -16.33279
v 18.29904 18.944887 -15.701294
v 20.939842 18.141167 -16.217972
v 20.825026 18.944887 -15.586476
v 23.523235 18.16987 -15.41425
v 23.236193 18.944887 -14.811458
v 25.360315 18.944887 -13.462352
v 27.082579 18.944887 -11.596568
v 28.259459 18.944887 -9.357627
v 27.599257 18.313393 -11.969725
v 28.80484 18.944887 -6.88905
v 28.690023 18.944887 -4.39177
v 9.31457 7.635364 -2.784324
v 14.395244 8.008521 6.716824
v 14.194314 13.31883 -19.231932
v 16.634186 17.653191 -20.035654
v 14.194314 17.653191 -19.346748
v 14.223018 3.760273 -17.0504
v 19.160172 13.31883 -20.121767
v 19.160172 17.653191 -20.265289
v 19.160172 3.415821 -17.940235
v 21.657452 17.653191 -20.035654
v 24.097324 13.31883 -19.231932
v 24.097324 17.653191 -19.346748
v 24.068619 3.760273 -17.0504
v 13.534113 16.246677 -14.667936
v 13.620226 12.141951 -14.725345
v 24.700115 17.882826 -14.667936
v 13.792453 14.23737 -15.356841
v 14.739697 15.098502 6.142736
v 9.285866 18.944887 -5.109379
v 12.242416 19.031 -2.181533
v 9.084935 18.944887 -3.042664
v 3.430173 7.750181 6.630711
v 2.569042 7.750181 3.415821
v 2.798677 10.333575 4.276952
v 5.812636 19.145819 8.98447
v 5.812636 7.750181 8.98447
v 3.430173 19.145819 6.630711
v 9.027526 19.145819 9.874305
v 9.027526 7.750181 9.874305
v 12.271121 19.145819 8.98447
v 12.271121 7.750181 8.98447
v 7.161742 19.54768 4.477883
v 6.874698 19.54768 3.415821
v 7.965464 19.54768 5.252901
v 9.027526 19.54768 5.568649
v 10.118292 19.54768 5.252901
v 10.893311 19.54768 4.477883
v 14.62488 19.145819 6.630711
v 15.399898 18.858774 3.100073
v 11.180354 19.54768 3.415821
v 14.62488 19.031 0.172226
v 10.118292 19.54768 1.550036
v 10.893311 19.54768 2.325054
v 9.027526 19.54768 1.262993
v 5.812636 18.944887 -2.181533
v 7.965464 19.54768 1.550036
v 3.430173 19.145819 0.172226
v 2.569042 19.145819 3.415821
v 7.161742 19.54768 2.325054
v 7.161742 20.896786 4.477883
v 6.874698 20.896786 3.415821
v 7.965464 20.896786 5.252901
v 9.027526 20.896786 5.568649
v 10.118292 20.896786 5.252901
v 10.893311 20.896786 4.477883
v 11.180354 20.896786 3.415821
v 10.893311 20.896786 2.325054
v 10.118292 20.896786 1.550036
v 9.027526 20.896786 1.262993
v 7.965464 20.896786 1.550036
v 7.161742 20.896786 2.325054
v 5.669114 22.590343 5.339014
v 5.295957 21.298647 5.568649
v 5.152435 22.590343 3.415821
v 7.075629 22.590343 6.774233
v 6.874698 21.298647 7.118685
v 9.027526 22.590343 7.290911
v 9.027526 21.298647 7.721477
v 10.979424 22.590343 6.774233
v 11.180354 21.298647 7.118685
v 12.385938 22.590343 5.339014
v 12.759095 21.298647 5.539945
v 12.902617 22.590343 3.415821
v 13.333183 21.298647 3.415821
v 12.385938 22.590343 1.463923
v 12.759095 21.298647 1.234288
v 10.979424 22.590343 0.028704
v 11.180354 21.298647 -0.315748
v 9.027526 22.590343 -0.487974
v 9.027526 21.298647 -0.889836
v 7.075629 22.590343 0.028704
v 6.874698 21.298647 -0.315748
v 5.669114 22.590343 1.463923
v 5.295957 21.298647 1.262993
v 4.72187 21.298647 3.415821
v 9.027526 23.451475 3.415821
v 19.160172 18.944887 -6.056623
v 17.466614 18.944887 3.473229
v 3.257947 14.208666 5.97051
v 2.798677 18.083757 4.276952
v 12.443347 18.083757 -13.806805
v 8.797891 18.629141 -4.793631
v 8.797891 18.514322 -2.927846
v 4.520939 18.571732 -5.109379
v 7.420081 18.571732 -6.056623
v 29.32152 18.313393 -4.276952
v 24.700115 18.944887 1.865784
v 24.068619 5.166788 -15.041093
v 13.878566 4.908448 -14.553119
v 12.299825 18.944887 -4.5927
v 17.667543 18.944887 -2.583394
v 18.586082 18.944887 -2.985255
v 21.226887 18.944887 -10.993776
v 26.594604 18.944887 -6.056623
v -4.377417 18.514322 -6.314963
v -4.377417 18.485619 -6.68812
v -15.313785 12.916969 -20.609741
v -15.313785 16.792061 -20.609741
v -17.868473 16.792061 -21.069012
v -17.925882 16.820765 -20.236586
v -15.457306 16.820765 -19.719906
v -17.868473 12.916969 -21.069012
v -20.451868 16.792061 -21.069012
v -20.394459 16.820765 -20.236586
v -20.451868 12.916969 -21.069012
v -23.006557 16.792061 -20.609741
v -22.805628 12.945674 -19.432861
v -22.863035 16.820765 -19.719906
v -15.514715 12.945674 -19.432861
v -23.006557 12.916969 -20.609741
v 17.839769 16.792061 -21.069012
v 15.28508 16.792061 -20.609741
v 15.28508 12.916969 -20.609741
v 15.428602 16.820765 -19.719906
v 17.897179 16.820765 -20.236586
v 20.451868 16.792061 -21.069012
v 17.839769 12.916969 -21.069012
v 20.394459 16.820765 -20.236586
v 23.006557 16.792061 -20.609741
v 20.451868 12.916969 -21.069012
v 22.863035 16.820765 -19.719906
v 22.805628 12.945674 -19.432861
v 15.486011 12.945674 -19.432861
v 23.006557 12.916969 -20.609741
v 15.227671 18.944887 -7.520546
v 13.763748 18.944887 -8.123338
v 12.299825 18.944887 -7.520546
v 11.697033 18.944887 -6.056623
v 11.984077 18.944887 -5.367718
v 13.763748 18.973593 -3.989908
v 15.715646 18.944887 -5.740875
v 15.830463 18.944887 -6.056623
v 15.227671 18.973593 -4.5927
v 25.991812 18.944887 -7.520546
v 24.671412 18.944887 -8.06593
v 20.624094 18.944887 -2.583394
v 22.461174 18.944887 -6.056623
v 23.063967 18.944887 -7.520546
v 23.035261 18.944887 -7.463138
v 21.226887 18.944887 -1.119471
v 23.063967 18.944887 -4.5927
v 24.527889 18.944887 -3.989908
v 25.991812 18.944887 -4.5927
v 20.624094 18.944887 -12.457699
v 19.160172 18.944887 -13.060491
v 17.667543 18.944887 -12.457699
v 17.064751 18.944887 -10.993776
v 17.667543 18.944887 -9.529853
v 20.624094 18.944887 -9.529853
v 24.527889 18.944887 -8.123338
v 19.160172 18.944887 -8.927061
v 19.160172 18.944887 -3.186186
v 19.160172 18.944887 0.947244
v 20.624094 18.944887 0.344453
v 17.064751 18.973593 -1.119471
v 17.667543 18.944887 0.344453
v 17.983292 18.944887 0.487974
v -19.160172 18.944887 -4.764926
v -21.743565 18.944887 -4.334361
v -24.32696 18.944887 -4.334361
v -20.451868 18.944887 -6.056623
v -20.911139 18.944887 -6.68812
v -21.743565 18.944887 -7.750181
v -23.867689 18.944887 -7.750181
v -24.32696 18.944887 -7.750181
v -13.993383 18.973593 -4.334361
v -16.576777 18.973593 -4.334361
v -17.868473 18.944887 -6.056623
v -13.993383 18.944887 -7.750181
v -13.993383 18.944887 -5.568649
v -17.437908 18.944887 -8.640017
v -19.160172 18.944887 -7.34832
v -20.882433 18.944887 -8.640017
v -20.853729 18.944887 -11.223411
v -18.901833 18.944887 -4.5927
v -18.270334 18.944887 -0.889836
v -20.882433 18.944887 -0.889836
v -4.377417 18.514322 -6.056623
v -6.845994 18.571732 -5.425127
v -5.468184 18.514322 -6.68812
v -6.845994 18.543028 -6.68812
v -6.845994 18.571732 -5.999215
v 6.157089 18.543028 -6.458485
v 4.520939 18.514322 -6.085328
v 4.520939 18.514322 -6.372371
v 15.773055 20.06436 -6.056623
v 15.198967 20.06436 -7.463138
v 13.763748 20.06436 -8.06593
v 12.328529 20.06436 -7.463138
v 11.754442 20.06436 -6.056623
v 12.328529 20.06436 -4.650109
v 13.763748 20.06436 -4.047317
v 15.198967 20.06436 -4.650109
v 13.763748 20.207882 -6.056623
v 26.537195 20.06436 -6.056623
v 25.963108 20.06436 -7.463138
v 24.527889 20.06436 -8.06593
v 23.09267 20.06436 -7.463138
v 22.518583 20.06436 -6.056623
v 23.09267 20.06436 -4.650109
v 24.527889 20.06436 -4.047317
v 25.963108 20.06436 -4.650109
v 24.527889 20.207882 -6.056623
v 21.169477 20.06436 -10.993776
v 20.566685 20.06436 -12.428995
v 19.160172 20.06436 -13.003082
v 17.724953 20.06436 -12.428995
v 17.12216 20.06436 -10.993776
v 17.724953 20.06436 -9.558557
v 19.160172 20.06436 -8.98447
v 20.566685 20.06436 -9.558557
v 19.160172 20.207882 -10.993776
v 21.169477 20.06436 -1.119471
v 20.566685 20.06436 -2.554689
v 19.160172 20.06436 -3.128777
v 17.724953 20.06436 -2.554689
v 17.12216 20.06436 -1.119471
v 17.724953 20.06436 0.315748
v 19.160172 20.06436 0.889836
v 20.566685 20.06436 0.315748
v 19.160172 20.207882 -1.119471
v -21.743565 20.150473 -4.334361
v -21.743565 20.150473 -7.750181
v -20.451868 19.892132 -6.056623
v -24.32696 20.236586 -4.334361
v -17.868473 19.892132 -6.056623
v -16.576777 20.150473 -7.750181
v -16.576777 20.150473 -4.334361
v -13.993383 20.236586 -4.334361
v -13.993383 20.236586 -7.750181
v -19.160172 19.892132 -7.34832
v -20.882433 20.150473 -8.611313
v -17.437908 20.150473 -8.640017
v -17.437908 20.207882 -11.223411
v -20.853729 20.207882 -11.223411
v -17.437908 20.150473 -3.473229
v -20.882433 20.150473 -3.473229
v -19.160172 19.892132 -4.764926
v -17.437908 20.236586 -0.889836
v -4.434826 19.576384 -6.68812
v -6.788585 19.576384 -5.425127
v -6.788585 19.576384 -6.68812
v -4.434826 19.576384 -5.425127
v 4.607052 19.576384 -5.195492
v 7.190446 19.576384 -6.056623
v 4.607052 19.576384 -6.88905
v -2.597746 10.304871 3.415821
v 2.569042 10.304871 3.415821
v -24.32696 20.236586 -7.750181
v -20.882433 20.236586 -0.889836

# 2415 Texture Coordinates
vt 0.05859 0.59766
vt 0.05859 0.67578
vt 0.05859 0.60547
vt 0.06641 0.59375
vt 0.06641 0.65625
vt 0.05859 0.59766
vt 0.14453 0.48828
vt 0.07422 0.64844
vt 0.06641 0.65625
vt 0.16406 0.48438
vt 0.14453 0.51563
vt 0.14453 0.48828
vt 0.1875 0.49219
vt 0.17188 0.51563
vt 0.16406 0.48438
vt 0.19922 0.50391
vt 0.19531 0.52734
vt 0.1875 0.49219
vt 0.19922 0.51563
vt 0.19922 0.53906
vt 0.19922 0.50391
vt 0.10938 0.64453
vt 0.09766 0.64844
vt 0.14453 0.51563
vt 0.14453 0.65625
vt 0.13281 0.65234
vt 0.17188 0.51563
vt 0.13672 0.70703
vt 0.13672 0.70703
vt 0.12109 0.71094
vt 0.10938 0.70703
vt 0.10938 0.71094
vt 0.125 0.70703
vt 0.09375 0.70703
vt 0.09766 0.71094
vt 0.10938 0.70703
vt 0.08203 0.70313
vt 0.08594 0.70703
vt 0.09375 0.70703
vt 0.07422 0.69922
vt 0.07422 0.69922
vt 0.08203 0.70313
vt 0.06641 0.69141
vt 0.07031 0.69531
vt 0.07422 0.69922
vt 0.05859 0.68359
vt 0.0625 0.6875
vt 0.06641 0.69141
vt 0.05859 0.67578
vt 0.0625 0.67969
vt 0.05859 0.68359
vt 0.0625 0.66797
vt 0.0625 0.67969
vt 0.05859 0.67578
vt 0.07031 0.66406
vt 0.0625 0.66797
vt 0.05859 0.66406
vt 0.07422 0.65625
vt 0.07031 0.66406
vt 0.06641 0.65625
vt 0.08594 0.65234
vt 0.07422 0.65625
vt 0.07422 0.64844
vt 0.14453 0.48828
vt 0.06641 0.65625
vt 0.06641 0.59375
vt 0.19922 0.51563
vt 0.15234 0.63281
vt 0.17578 0.60156
vt 0.07422 0.6875
vt 0.06641 0.70703
vt 0.07422 0.71094
vt 0.08203 0.62891
vt 0.05469 0.67578
vt 0.07422 0.6875
vt 0.98438 0.08594
vt 0.98438 0.16016
vt 0.95313 0.17188
vt 0.07422 0.6875
vt 0.05469 0.67578
vt 0.06641 0.70703
vt 0.05469 0.67578
vt 0.05469 0.69922
vt 0.06641 0.70703
vt 0.08203 0.62891
vt 0.06641 0.61328
vt 0.05469 0.67578
vt 0.96484 0.09766
vt 0.95313 0.17188
vt 0.91016 0.17969
vt 0.05469 0.67578
vt 0.04688 0.69531
vt 0.05469 0.69922
vt 0.92578 0.10547
vt 0.91016 0.17969
vt 0.87109 0.17188
vt 0.04688 0.69531
vt 0.04297 0.66016
vt 0.04297 0.6875
vt 0.06641 0.61328
vt 0.05078 0.60156
vt 0.05469 0.67578
vt 0.05078 0.60156
vt 0.04297 0.66016
vt 0.05469 0.67578
vt 0.07422 0.6875
vt 0.07422 0.71094
vt 0.09375 0.69531
vt 0.07422 0.6875
vt 0.09375 0.67188
vt 0.08203 0.62891
vt 0.04297 0.66016
vt 0.05859 0.67578
vt 0.04297 0.6875
vt 0.08984 0.68359
vt 0.09375 0.67188
vt 0.07422 0.6875
vt 0.07422 0.71094
vt 0.09375 0.70703
vt 0.09375 0.69531
vt 0.95313 0.17188
vt 0.96484 0.09766
vt 0.98438 0.08594
vt 0.91016 0.17969
vt 0.92578 0.10547
vt 0.96484 0.09766
vt 0.87109 0.17188
vt 0.88281 0.10156
vt 0.92578 0.10547
vt 0.83203 0.16016
vt 0.83984 0.08594
vt 0.88281 0.10156
vt 0.83203 0.07422
vt 0.83984 0.08594
vt 0.83203 0.16016
vt 0.19922 0.51563
vt 0.17578 0.60156
vt 0.17188 0.64063
vt 0.14453 0.69922
vt 0.14844 0.6875
vt 0.15234 0.69922
vt 0.20703 0.625
vt 0.19922 0.63672
vt 0.20313 0.64844
vt 0.21094 0.67969
vt 0.21094 0.61719
vt 0.20703 0.69141
vt 0.20313 0.67188
vt 0.20313 0.60547
vt 0.21094 0.67969
vt 0.19141 0.66406
vt 0.19141 0.59766
vt 0.20313 0.67188
vt 0.17578 0.60156
vt 0.19141 0.59766
vt 0.19141 0.66406
vt 0.20313 0.62109
vt 0.27344 0.57422
vt 0.20703 0.64453
vt 0.1875 0.60156
vt 0.23047 0.52344
vt 0.20313 0.62109
vt 0.16797 0.59766
vt 0.16797 0.50391
vt 0.1875 0.60156
vt 0.14453 0.60156
vt 0.10547 0.52344
vt 0.16797 0.59766
vt 0.13281 0.62109
vt 0.05859 0.57422
vt 0.14453 0.60156
vt 0.05859 0.57422
vt 0.13281 0.62109
vt 0.04688 0.64844
vt 0.04688 0.64844
vt 0.125 0.64453
vt 0.05859 0.71484
vt 0.14453 0.68359
vt 0.10547 0.76563
vt 0.13281 0.66797
vt 0.10547 0.76563
vt 0.14453 0.68359
vt 0.16406 0.78516
vt 0.16406 0.78516
vt 0.16797 0.69141
vt 0.23047 0.76563
vt 0.23047 0.76563
vt 0.1875 0.68359
vt 0.27344 0.71484
vt 0.20703 0.64453
vt 0.28906 0.64453
vt 0.20313 0.66797
vt 0.29688 0.05078
vt 0.29688 0.05078
vt 0.29688 0.05859
vt 0.28906 0.04688
vt 0.28906 0.04688
vt 0.29688 0.05078
vt 0.28125 0.04297
vt 0.28125 0.04297
vt 0.28906 0.04688
vt 0.27734 0.04688
vt 0.27734 0.04688
vt 0.28125 0.04297
vt 0.26953 0.05078
vt 0.26953 0.05078
vt 0.27734 0.04688
vt 0.26953 0.05859
vt 0.26953 0.05859
vt 0.26953 0.05078
vt 0.26953 0.06641
vt 0.26953 0.06641
vt 0.26953 0.05859
vt 0.27734 0.07422
vt 0.27734 0.07422
vt 0.26953 0.06641
vt 0.28125 0.07813
vt 0.28125 0.07813
vt 0.27734 0.07422
vt 0.28906 0.07422
vt 0.28906 0.07422
vt 0.28125 0.07813
vt 0.29688 0.06641
vt 0.29688 0.06641
vt 0.28906 0.07422
vt 0.80469 0.04688
vt 0.80859 0.04297
vt 0.80859 0.07422
vt 0.78516 0.02344
vt 0.78906 0.01953
vt 0.80469 0.04688
vt 0.76172 0.01563
vt 0.76172 0.01172
vt 0.78516 0.02344
vt 0.73438 0.02344
vt 0.73047 0.01953
vt 0.76172 0.01563
vt 0.71484 0.04688
vt 0.71094 0.04297
vt 0.73438 0.02344
vt 0.71094 0.07422
vt 0.70313 0.07422
vt 0.71484 0.04688
vt 0.71484 0.10547
vt 0.71094 0.10547
vt 0.71094 0.07422
vt 0.73438 0.125
vt 0.73047 0.12891
vt 0.71484 0.10547
vt 0.76172 0.13281
vt 0.76172 0.13672
vt 0.73438 0.125
vt 0.78516 0.125
vt 0.78906 0.12891
vt 0.76172 0.13281
vt 0.80469 0.10547
vt 0.80859 0.10547
vt 0.78516 0.125
vt 0.80859 0.07422
vt 0.81641 0.07422
vt 0.80469 0.10547
vt 0.80859 0.07422
vt 0.76172 0.07422
vt 0.80469 0.04688
vt 0.80469 0.04688
vt 0.76172 0.07422
vt 0.78516 0.02344
vt 0.78516 0.02344
vt 0.76172 0.07422
vt 0.76172 0.01563
vt 0.76172 0.01563
vt 0.76172 0.07422
vt 0.73438 0.02344
vt 0.73438 0.02344
vt 0.76172 0.07422
vt 0.71484 0.04688
vt 0.71484 0.04688
vt 0.76172 0.07422
vt 0.71094 0.07422
vt 0.71094 0.07422
vt 0.76172 0.07422
vt 0.71484 0.10547
vt 0.71484 0.10547
vt 0.76172 0.07422
vt 0.73438 0.125
vt 0.73438 0.125
vt 0.76172 0.07422
vt 0.76172 0.13281
vt 0.76172 0.13281
vt 0.76172 0.07422
vt 0.78516 0.125
vt 0.78516 0.125
vt 0.76172 0.07422
vt 0.80469 0.10547
vt 0.80469 0.10547
vt 0.76172 0.07422
vt 0.80859 0.07422
vt 0.19141 0.66406
vt 0.17188 0.64063
vt 0.17578 0.60156
vt 0.19141 0.66406
vt 0.17188 0.66406
vt 0.17188 0.64063
vt 0.15625 0.66797
vt 0.19922 0.53906
vt 0.17188 0.64063
vt 0.16406 0.10547
vt 0.17578 0.05469
vt 0.19922 0.08203
vt 0.17578 0.05469
vt 0.14844 0.01953
vt 0.16797 0.02344
vt 0.20703 0.625
vt 0.20313 0.64844
vt 0.20703 0.66406
vt 0.19922 0.70313
vt 0.20313 0.69141
vt 0.19922 0.69531
vt 0.18359 0.70313
vt 0.16797 0.70313
vt 0.18359 0.70703
vt 0.18359 0.70703
vt 0.19922 0.69531
vt 0.18359 0.70313
vt 0.20703 0.66406
vt 0.20313 0.69141
vt 0.20703 0.69141
vt 0.125 0.70703
vt 0.12109 0.71094
vt 0.13672 0.70703
vt 0.20703 0.625
vt 0.20703 0.66406
vt 0.20703 0.69141
vt 0.09375 0.70703
vt 0.10156 0.70703
vt 0.09375 0.69531
vt 0.07422 0.6875
vt 0.09375 0.69531
vt 0.08984 0.68359
vt 0.36328 0.02734
vt 0.66016 0.19922
vt 0.32031 0.19922
vt 0.88672 0.79297
vt 0.77734 0.80469
vt 0.96875 0.73047
vt 0.21875 0.67578
vt 0.20313 0.69141
vt 0.20703 0.66406
vt 0.14063 0.73828
vt 0.13672 0.71875
vt 0.09375 0.69531
vt 0.14063 0.73828
vt 0.09375 0.69531
vt 0.10156 0.70703
vt 0.94531 0.67578
vt 0.96875 0.73047
vt 0.77734 0.80469
vt 0.02734 0.98047
vt 0.21484 0.94922
vt 0.49219 0.98047
vt 0.05859 0.47656
vt 0.05859 0.37109
vt 0.49219 0.47656
vt 0.77734 0.60938
vt 0.69141 0.62109
vt 0.60938 0.60938
vt 0.13672 0.70703
vt 0.14844 0.69922
vt 0.13672 0.70703
vt 0.13672 0.71875
vt 0.08984 0.68359
vt 0.09375 0.69531
vt 0.21094 0.65625
vt 0.21875 0.67578
vt 0.20313 0.64844
vt 0.49219 0.47656
vt 0.05859 0.37109
vt 0.20313 0.33203
vt 0.77734 0.33203
vt 0.49219 0.47656
vt 0.20313 0.33203
vt 0.32031 0.19922
vt 0.77734 0.33203
vt 0.20313 0.33203
vt 0.14453 0.51563
vt 0.07422 0.64844
vt 0.14453 0.48828
vt 0.17188 0.51563
vt 0.14453 0.51563
vt 0.16406 0.48438
vt 0.19531 0.52734
vt 0.17188 0.51563
vt 0.1875 0.49219
vt 0.19922 0.53906
vt 0.19531 0.52734
vt 0.19922 0.50391
vt 0.17188 0.64063
vt 0.19922 0.53906
vt 0.19922 0.51563
vt 0.09375 0.70703
vt 0.10938 0.70703
vt 0.10156 0.70703
vt 0.05859 0.67578
vt 0.05859 0.68359
vt 0.05859 0.67578
vt 0.08594 0.64453
vt 0.07422 0.64844
vt 0.14453 0.51563
vt 0.09766 0.64844
vt 0.08594 0.64453
vt 0.14453 0.51563
vt 0.12109 0.64844
vt 0.10938 0.64453
vt 0.17188 0.51563
vt 0.13281 0.65234
vt 0.12109 0.64844
vt 0.17188 0.51563
vt 0.15234 0.66406
vt 0.14453 0.65625
vt 0.19531 0.52734
vt 0.10938 0.71094
vt 0.12109 0.71094
vt 0.125 0.70703
vt 0.09766 0.71094
vt 0.10938 0.71094
vt 0.10938 0.70703
vt 0.08594 0.70703
vt 0.09766 0.71094
vt 0.09375 0.70703
vt 0.07422 0.69922
vt 0.08594 0.70703
vt 0.08203 0.70313
vt 0.07031 0.69531
vt 0.07422 0.69922
vt 0.07422 0.69922
vt 0.0625 0.6875
vt 0.07031 0.69531
vt 0.06641 0.69141
vt 0.0625 0.67969
vt 0.0625 0.6875
vt 0.05859 0.68359
vt 0.09766 0.64844
vt 0.08594 0.65234
vt 0.08594 0.64453
vt 0.05859 0.60547
vt 0.05859 0.67578
vt 0.05859 0.60547
vt 0.87109 0.17188
vt 0.83203 0.16016
vt 0.88281 0.10156
vt 0.08203 0.62891
vt 0.09375 0.67188
vt 0.09375 0.62891
vt 0.04297 0.66016
vt 0.05078 0.60156
vt 0.05859 0.60547
vt 0.13281 0.125
vt 0.15625 0.10938
vt 0.14844 0.12109
vt 0.125 0.64453
vt 0.04688 0.64844
vt 0.13281 0.62109
vt 0.13281 0.66797
vt 0.05859 0.71484
vt 0.125 0.64453
vt 0.16797 0.69141
vt 0.16406 0.78516
vt 0.14453 0.68359
vt 0.1875 0.68359
vt 0.23047 0.76563
vt 0.16797 0.69141
vt 0.20313 0.66797
vt 0.27344 0.71484
vt 0.1875 0.68359
vt 0.19922 0.53906
vt 0.15234 0.66406
vt 0.19531 0.52734
vt 0.19922 0.53906
vt 0.15625 0.66797
vt 0.15234 0.66406
vt 0.17578 0.05469
vt 0.14844 0.09375
vt 0.14844 0.06641
vt 0.1875 0.21094
vt 0.14844 0.17969
vt 0.15625 0.14063
vt 0.11719 0.09375
vt 0.0625 0.05469
vt 0.10156 0.02344
vt 0.61719 0.02734
vt 0.36328 0.02734
vt 0.49219 0.01563
vt 0.88281 0.65234
vt 0.94531 0.67578
vt 0.86328 0.65625
vt 0.14844 0.69922
vt 0.14453 0.69922
vt 0.15234 0.69922
vt 0.13672 0.70703
vt 0.14453 0.69922
vt 0.14844 0.69922
vt 0.15234 0.69922
vt 0.16797 0.70313
vt 0.16797 0.70313
vt 0.16797 0.70313
vt 0.16797 0.70313
vt 0.18359 0.70313
vt 0.14844 0.69922
vt 0.15234 0.69922
vt 0.15625 0.69531
vt 0.15625 0.69531
vt 0.15234 0.69922
vt 0.16797 0.70313
vt 0.05469 0.67578
vt 0.04297 0.66016
vt 0.04688 0.69531
vt 0.05859 0.67578
vt 0.04297 0.66016
vt 0.05859 0.60547
vt 0.22266 0.73438
vt 0.22266 0.80469
vt 0.23828 0.73828
vt 0.23828 0.73828
vt 0.25 0.80469
vt 0.25 0.74219
vt 0.25 0.80469
vt 0.26172 0.80078
vt 0.35938 0.66016
vt 0.35938 0.66016
vt 0.35938 0.6875
vt 0.36719 0.64844
vt 0.36719 0.64844
vt 0.36719 0.67188
vt 0.36328 0.62891
vt 0.36328 0.62891
vt 0.35547 0.65234
vt 0.34766 0.62109
vt 0.34766 0.62109
vt 0.33984 0.64844
vt 0.32813 0.61719
vt 0.35938 0.6875
vt 0.27734 0.78906
vt 0.28125 0.78125
vt 0.36719 0.67188
vt 0.27734 0.76563
vt 0.27344 0.75781
vt 0.1875 0.76172
vt 0.19141 0.75
vt 0.19531 0.75391
vt 0.1875 0.75781
vt 0.18359 0.76953
vt 0.18359 0.76563
vt 0.18359 0.76563
vt 0.18359 0.77734
vt 0.18359 0.77344
vt 0.18359 0.77344
vt 0.1875 0.78516
vt 0.18359 0.78516
vt 0.18359 0.78516
vt 0.19141 0.79297
vt 0.19141 0.78906
vt 0.19141 0.78906
vt 0.20313 0.80078
vt 0.19922 0.79688
vt 0.19922 0.79688
vt 0.21094 0.80469
vt 0.21094 0.80078
vt 0.21094 0.80078
vt 0.22266 0.80859
vt 0.22266 0.80469
vt 0.22266 0.80469
vt 0.22266 0.80859
vt 0.23828 0.80859
vt 0.23828 0.80469
vt 0.23828 0.80859
vt 0.25 0.80469
vt 0.25 0.80469
vt 0.25 0.80469
vt 0.26172 0.80078
vt 0.26172 0.80078
vt 0.26172 0.80078
vt 0.26953 0.79688
vt 0.25 0.74219
vt 0.25 0.80469
vt 0.35938 0.66016
vt 0.26563 0.67188
vt 0.21484 0.67969
vt 0.32813 0.61719
vt 0.16797 0.78516
vt 0.17188 0.79297
vt 0.16797 0.75781
vt 0.16797 0.75781
vt 0.17969 0.77344
vt 0.17578 0.69922
vt 0.87109 0.08203
vt 0.83984 0.06641
vt 0.83594 0.00781
vt 0.17188 0.79297
vt 0.17969 0.77344
vt 0.16797 0.75781
vt 0.17188 0.79297
vt 0.17969 0.79688
vt 0.17969 0.77344
vt 0.17969 0.77344
vt 0.1875 0.71094
vt 0.17578 0.69922
vt 0.91016 0.08594
vt 0.87109 0.08203
vt 0.85938 0.01172
vt 0.17969 0.79688
vt 0.1875 0.80469
vt 0.17969 0.77344
vt 0.95313 0.08203
vt 0.91016 0.08594
vt 0.89453 0.01172
vt 0.19922 0.80859
vt 0.19922 0.78516
vt 0.1875 0.80469
vt 0.17969 0.77344
vt 0.20703 0.72266
vt 0.1875 0.71094
vt 0.17969 0.77344
vt 0.19922 0.78516
vt 0.20703 0.72266
vt 0.18359 0.76563
vt 0.16797 0.78516
vt 0.16797 0.75781
vt 0.17578 0.69922
vt 0.18359 0.74219
vt 0.16797 0.75781
vt 0.19922 0.80859
vt 0.21875 0.80078
vt 0.19922 0.78516
vt 0.16797 0.75781
vt 0.18359 0.74219
vt 0.17969 0.75391
vt 0.18359 0.76563
vt 0.18359 0.77344
vt 0.16797 0.78516
vt 0.83594 0.00781
vt 0.85938 0.01172
vt 0.87109 0.08203
vt 0.85938 0.01172
vt 0.89453 0.01172
vt 0.91016 0.08594
vt 0.89453 0.01172
vt 0.94141 0.01172
vt 0.95313 0.08203
vt 0.94141 0.01172
vt 0.96875 0.01563
vt 0.98438 0.07031
vt 0.98438 0.07031
vt 0.96875 0.01563
vt 0.98438 0.01172
vt 0.26563 0.71484
vt 0.26563 0.67188
vt 0.32813 0.61719
vt 0.21094 0.74219
vt 0.22656 0.75
vt 0.20313 0.75
vt 0.21875 0.66406
vt 0.21484 0.64844
vt 0.23047 0.64453
vt 0.23047 0.71094
vt 0.24609 0.64453
vt 0.24609 0.71094
vt 0.24609 0.71094
vt 0.26172 0.65234
vt 0.26172 0.71875
vt 0.26172 0.71875
vt 0.26953 0.66016
vt 0.26953 0.72656
vt 0.26953 0.72656
vt 0.26953 0.66016
vt 0.26563 0.67188
vt 0.125 0.64453
vt 0.05859 0.57422
vt 0.13281 0.62109
vt 0.13281 0.62109
vt 0.10547 0.52344
vt 0.14453 0.60156
vt 0.14453 0.60156
vt 0.16797 0.50391
vt 0.16797 0.59766
vt 0.16797 0.59766
vt 0.23047 0.52344
vt 0.1875 0.60156
vt 0.1875 0.60156
vt 0.27344 0.57422
vt 0.20313 0.62109
vt 0.28906 0.64844
vt 0.20313 0.62109
vt 0.27344 0.57422
vt 0.27344 0.71484
vt 0.20703 0.64453
vt 0.28906 0.64844
vt 0.20313 0.66797
vt 0.22656 0.76563
vt 0.1875 0.68359
vt 0.16797 0.78516
vt 0.1875 0.68359
vt 0.22656 0.76563
vt 0.10547 0.76563
vt 0.16797 0.69141
vt 0.16797 0.78516
vt 0.05859 0.71484
vt 0.14453 0.68359
vt 0.10547 0.76563
vt 0.13281 0.66797
vt 0.04297 0.64453
vt 0.125 0.64453
vt 0.26953 0.05859
vt 0.26953 0.05078
vt 0.26953 0.05078
vt 0.26953 0.05078
vt 0.27734 0.04688
vt 0.27734 0.04688
vt 0.27734 0.04688
vt 0.28125 0.04297
vt 0.28125 0.04297
vt 0.28125 0.04297
vt 0.28906 0.04688
vt 0.28906 0.04688
vt 0.28906 0.04688
vt 0.29688 0.05078
vt 0.29688 0.05078
vt 0.29688 0.05078
vt 0.29688 0.05859
vt 0.29688 0.05859
vt 0.29688 0.05859
vt 0.29688 0.06641
vt 0.29688 0.06641
vt 0.29688 0.06641
vt 0.28906 0.07422
vt 0.28906 0.07422
vt 0.28906 0.07422
vt 0.28125 0.07813
vt 0.28125 0.07813
vt 0.28125 0.07813
vt 0.27734 0.07422
vt 0.27734 0.07422
vt 0.27734 0.07422
vt 0.26953 0.06641
vt 0.26953 0.06641
vt 0.26953 0.06641
vt 0.26953 0.05859
vt 0.26953 0.05859
vt 0.8125 0.07813
vt 0.8125 0.10938
vt 0.80469 0.10547
vt 0.80469 0.10547
vt 0.78906 0.13281
vt 0.78906 0.12891
vt 0.78906 0.12891
vt 0.76172 0.14063
vt 0.76172 0.13672
vt 0.76172 0.13672
vt 0.73438 0.13281
vt 0.73828 0.12891
vt 0.73828 0.12891
vt 0.71484 0.10938
vt 0.71875 0.10547
vt 0.71875 0.10547
vt 0.70703 0.07813
vt 0.71094 0.07813
vt 0.71094 0.07813
vt 0.71484 0.04688
vt 0.71875 0.05078
vt 0.71875 0.05078
vt 0.73438 0.02344
vt 0.73828 0.02734
vt 0.73828 0.02734
vt 0.76172 0.01563
vt 0.76172 0.01953
vt 0.76172 0.01953
vt 0.78906 0.02344
vt 0.78906 0.02734
vt 0.78906 0.02734
vt 0.8125 0.04688
vt 0.80469 0.05078
vt 0.80469 0.05078
vt 0.82031 0.07813
vt 0.8125 0.07813
vt 0.80469 0.10547
vt 0.76172 0.07813
vt 0.8125 0.07813
vt 0.78906 0.12891
vt 0.76172 0.07813
vt 0.80469 0.10547
vt 0.76172 0.13672
vt 0.76172 0.07813
vt 0.78906 0.12891
vt 0.73828 0.12891
vt 0.76172 0.07813
vt 0.76172 0.13672
vt 0.71875 0.10547
vt 0.76172 0.07813
vt 0.73828 0.12891
vt 0.71094 0.07813
vt 0.76172 0.07813
vt 0.71875 0.10547
vt 0.71875 0.05078
vt 0.76172 0.07813
vt 0.71094 0.07813
vt 0.73828 0.02734
vt 0.76172 0.07813
vt 0.71875 0.05078
vt 0.76172 0.01953
vt 0.76172 0.07813
vt 0.73828 0.02734
vt 0.78906 0.02734
vt 0.76172 0.07813
vt 0.76172 0.01953
vt 0.80469 0.05078
vt 0.76172 0.07813
vt 0.78906 0.02734
vt 0.8125 0.07813
vt 0.76172 0.07813
vt 0.80469 0.05078
vt 0.26563 0.67188
vt 0.26563 0.71484
vt 0.26953 0.72656
vt 0.26563 0.71484
vt 0.26563 0.73828
vt 0.26953 0.72656
vt 0.26563 0.71484
vt 0.33984 0.64844
vt 0.25781 0.74609
vt 0.08984 0.0625
vt 0.13281 0.125
vt 0.07031 0.08594
vt 0.09766 0.03125
vt 0.11719 0.02734
vt 0.08984 0.0625
vt 0.22656 0.68359
vt 0.21875 0.66406
vt 0.23047 0.64453
vt 0.21484 0.70703
vt 0.21875 0.70703
vt 0.21484 0.71484
vt 0.20703 0.72266
vt 0.20313 0.73438
vt 0.20703 0.71875
vt 0.20703 0.71875
vt 0.21484 0.70703
vt 0.20703 0.72266
vt 0.23047 0.71094
vt 0.21875 0.70703
vt 0.22656 0.68359
vt 0.19141 0.75
vt 0.1875 0.76172
vt 0.1875 0.75781
vt 0.23047 0.71094
vt 0.22656 0.68359
vt 0.23047 0.64453
vt 0.18359 0.76563
vt 0.18359 0.76953
vt 0.18359 0.77344
vt 0.17969 0.75391
vt 0.18359 0.76563
vt 0.16797 0.75781
vt 0.77734 0.80469
vt 0.58984 0.73047
vt 0.60938 0.67578
vt 0.22656 0.68359
vt 0.21875 0.70703
vt 0.21875 0.67578
vt 0.18359 0.76563
vt 0.13672 0.71875
vt 0.14063 0.73828
vt 0.18359 0.76953
vt 0.18359 0.76563
vt 0.14063 0.73828
vt 0.66797 0.79297
vt 0.59375 0.78125
vt 0.58984 0.73047
vt 0.76563 0.94922
vt 0.96875 0.91797
vt 0.96875 0.98047
vt 0.49219 0.47656
vt 0.92188 0.37109
vt 0.92188 0.47656
vt 0.94922 0.60938
vt 0.92188 0.63672
vt 0.86328 0.61328
vt 0.19141 0.75
vt 0.20313 0.74609
vt 0.19531 0.75391
vt 0.18359 0.76563
vt 0.17969 0.75391
vt 0.13672 0.71875
vt 0.21875 0.66406
vt 0.21875 0.67578
vt 0.21094 0.65625
vt 0.77734 0.33203
vt 0.92188 0.37109
vt 0.49219 0.47656
vt 0.35938 0.66016
vt 0.26172 0.80078
vt 0.35938 0.6875
vt 0.36719 0.64844
vt 0.35938 0.6875
vt 0.36719 0.67188
vt 0.36328 0.62891
vt 0.36719 0.67188
vt 0.35547 0.65234
vt 0.34766 0.62109
vt 0.35547 0.65234
vt 0.33984 0.64844
vt 0.32813 0.61719
vt 0.33984 0.64844
vt 0.26563 0.71484
vt 0.18359 0.76953
vt 0.18359 0.76563
vt 0.18359 0.77344
vt 0.21875 0.80078
vt 0.21094 0.80078
vt 0.22266 0.80469
vt 0.35938 0.6875
vt 0.26172 0.80078
vt 0.27344 0.79297
vt 0.35938 0.6875
vt 0.27344 0.79297
vt 0.27734 0.78906
vt 0.36719 0.67188
vt 0.28125 0.78125
vt 0.28125 0.77344
vt 0.36719 0.67188
vt 0.28125 0.77344
vt 0.27734 0.76563
vt 0.35547 0.65234
vt 0.27344 0.75781
vt 0.26563 0.75
vt 0.1875 0.75781
vt 0.1875 0.76172
vt 0.18359 0.76953
vt 0.18359 0.76563
vt 0.18359 0.76953
vt 0.18359 0.77734
vt 0.18359 0.77344
vt 0.18359 0.77734
vt 0.1875 0.78516
vt 0.18359 0.78516
vt 0.1875 0.78516
vt 0.19141 0.79297
vt 0.19141 0.78906
vt 0.19141 0.79297
vt 0.20313 0.80078
vt 0.19922 0.79688
vt 0.20313 0.80078
vt 0.21094 0.80469
vt 0.21094 0.80078
vt 0.21094 0.80469
vt 0.22266 0.80859
vt 0.27344 0.79297
vt 0.26953 0.79688
vt 0.27734 0.78906
vt 0.21484 0.72656
vt 0.21875 0.80078
vt 0.22266 0.73438
vt 0.94141 0.01172
vt 0.98438 0.07031
vt 0.95313 0.08203
vt 0.18359 0.69922
vt 0.18359 0.74219
vt 0.17578 0.69922
vt 0.21484 0.72656
vt 0.20703 0.72266
vt 0.19922 0.78516
vt 0.07031 0.08594
vt 0.07031 0.10938
vt 0.04297 0.11719
vt 0.20313 0.62109
vt 0.28906 0.64844
vt 0.20703 0.64453
vt 0.20703 0.64453
vt 0.27344 0.71484
vt 0.20313 0.66797
vt 0.1875 0.68359
vt 0.16797 0.78516
vt 0.16797 0.69141
vt 0.16797 0.69141
vt 0.10547 0.76563
vt 0.14453 0.68359
vt 0.14453 0.68359
vt 0.05859 0.71484
vt 0.13281 0.66797
vt 0.35547 0.65234
vt 0.26563 0.75
vt 0.33984 0.64844
vt 0.26563 0.75
vt 0.25781 0.74609
vt 0.33984 0.64844
vt 0.12891 0.09375
vt 0.13281 0.125
vt 0.12109 0.08984
vt 0.17188 0.21875
vt 0.15234 0.17578
vt 0.20313 0.18359
vt 0.21875 0.13672
vt 0.19922 0.125
vt 0.21875 0.10938
vt 0.63281 0.01563
vt 0.61719 0.02734
vt 0.49219 0.01563
vt 0.77734 0.60938
vt 0.69141 0.64844
vt 0.69141 0.64063
vt 0.21094 0.74219
vt 0.20313 0.75
vt 0.20313 0.74609
vt 0.20313 0.74609
vt 0.20313 0.75
vt 0.19531 0.75391
vt 0.20313 0.73047
vt 0.20313 0.73438
vt 0.21094 0.74219
vt 0.20703 0.71875
vt 0.20313 0.73438
vt 0.20313 0.73047
vt 0.21094 0.73828
vt 0.21094 0.74219
vt 0.20313 0.74609
vt 0.20313 0.73047
vt 0.21094 0.74219
vt 0.21094 0.73828
vt 0.1875 0.80469
vt 0.19922 0.78516
vt 0.17969 0.77344
vt 0.21484 0.72656
vt 0.19922 0.78516
vt 0.21875 0.80078
vt 0.02734 0.98047
vt 0.01953 0.91797
vt 0.21484 0.94922
vt 0.96875 0.98047
vt 0.49219 0.98047
vt 0.76563 0.94922
vt 0.05469 0.33984
vt 0.07031 0.33984
vt 0.07031 0.26563
vt 0.07031 0.34375
vt 0.07031 0.33984
vt 0.05469 0.34375
vt 0.03906 0.33984
vt 0.05469 0.33984
vt 0.05469 0.26563
vt 0.03906 0.33984
vt 0.03906 0.34375
vt 0.05469 0.33984
vt 0.02344 0.33984
vt 0.03906 0.33984
vt 0.03906 0.26563
vt 0.07031 0.34375
vt 0.07031 0.26563
vt 0.07031 0.33984
vt 0.02344 0.34375
vt 0.02344 0.33984
vt 0.02344 0.26563
vt 0.07031 0.26563
vt 0.07031 0.26563
vt 0.07031 0.34375
vt 0.02344 0.33984
vt 0.02344 0.34375
vt 0.03906 0.34375
vt 0.05469 0.33984
vt 0.05469 0.34375
vt 0.07031 0.33984
vt 0.02344 0.33984
vt 0.03906 0.34375
vt 0.03906 0.33984
vt 0.02344 0.26563
vt 0.02344 0.26563
vt 0.02344 0.33984
vt 0.02344 0.26563
vt 0.02344 0.33984
vt 0.03906 0.33984
vt 0.03906 0.34375
vt 0.02344 0.33984
vt 0.02344 0.34375
vt 0.03906 0.26563
vt 0.03906 0.33984
vt 0.05469 0.33984
vt 0.03906 0.33984
vt 0.05469 0.34375
vt 0.05469 0.33984
vt 0.05469 0.26563
vt 0.05469 0.33984
vt 0.07031 0.33984
vt 0.02344 0.33984
vt 0.02344 0.26563
vt 0.02344 0.34375
vt 0.07031 0.26563
vt 0.07031 0.33984
vt 0.07031 0.34375
vt 0.02344 0.34375
vt 0.02344 0.26563
vt 0.02344 0.26563
vt 0.05469 0.34375
vt 0.07031 0.34375
vt 0.07031 0.33984
vt 0.02344 0.33984
vt 0.03906 0.34375
vt 0.03906 0.33984
vt 0.05469 0.33984
vt 0.05469 0.34375
vt 0.07031 0.33984
vt 0.07031 0.33984
vt 0.07031 0.26563
vt 0.07031 0.26563
vt 0.06641 0.19141
vt 0.09766 0.14063
vt 0.08203 0.20703
vt 0.08203 0.14844
vt 0.06641 0.19141
vt 0.05469 0.16797
vt 0.04297 0.14453
vt 0.08203 0.14844
vt 0.05469 0.16797
vt 0.04297 0.14453
vt 0.07031 0.14063
vt 0.08203 0.14844
vt 0.04297 0.11719
vt 0.07031 0.14063
vt 0.04297 0.14453
vt 0.04297 0.11719
vt 0.06641 0.125
vt 0.07031 0.14063
vt 0.06641 0.11719
vt 0.06641 0.125
vt 0.04297 0.11719
vt 0.08203 0.10547
vt 0.07031 0.10938
vt 0.07031 0.08594
vt 0.13281 0.125
vt 0.10156 0.125
vt 0.10156 0.12109
vt 0.13281 0.125
vt 0.10156 0.12109
vt 0.09766 0.10938
vt 0.13281 0.125
vt 0.08203 0.10547
vt 0.07031 0.08594
vt 0.13281 0.125
vt 0.09766 0.10938
vt 0.08203 0.10547
vt 0.18359 0.14844
vt 0.19531 0.14063
vt 0.21484 0.16016
vt 0.21875 0.10938
vt 0.19922 0.125
vt 0.21094 0.08203
vt 0.16406 0.125
vt 0.13281 0.125
vt 0.14453 0.08984
vt 0.16797 0.14063
vt 0.09766 0.14063
vt 0.13281 0.125
vt 0.16797 0.14063
vt 0.16797 0.14063
vt 0.13281 0.125
vt 0.14453 0.08984
vt 0.15234 0.07422
vt 0.16406 0.125
vt 0.19922 0.0625
vt 0.16797 0.10938
vt 0.18359 0.04297
vt 0.18359 0.10547
vt 0.19922 0.0625
vt 0.21094 0.08203
vt 0.19531 0.10938
vt 0.18359 0.10547
vt 0.21094 0.08203
vt 0.19922 0.125
vt 0.19531 0.10938
vt 0.21094 0.08203
vt 0.125 0.22656
vt 0.14453 0.19141
vt 0.14844 0.22656
vt 0.13281 0.19922
vt 0.125 0.22656
vt 0.10156 0.21875
vt 0.08203 0.20703
vt 0.13281 0.19922
vt 0.10156 0.21875
vt 0.08203 0.20703
vt 0.12109 0.19141
vt 0.13281 0.19922
vt 0.12109 0.19141
vt 0.08203 0.20703
vt 0.11328 0.17578
vt 0.12109 0.16016
vt 0.11328 0.17578
vt 0.09766 0.14063
vt 0.18359 0.14844
vt 0.15234 0.17578
vt 0.14453 0.16016
vt 0.13281 0.15625
vt 0.12109 0.16016
vt 0.09766 0.14063
vt 0.18359 0.14844
vt 0.14453 0.16016
vt 0.13281 0.15625
vt 0.18359 0.14844
vt 0.13281 0.15625
vt 0.09766 0.14063
vt 0.13281 0.125
vt 0.13281 0.09766
vt 0.14453 0.08984
vt 0.14063 0.02734
vt 0.14453 0.05859
vt 0.13281 0.05469
vt 0.18359 0.04297
vt 0.15234 0.07422
vt 0.16406 0.03125
vt 0.12891 0.09375
vt 0.13281 0.09766
vt 0.13281 0.125
vt 0.13281 0.05469
vt 0.11719 0.02734
vt 0.14063 0.02734
vt 0.08984 0.0625
vt 0.12109 0.08984
vt 0.13281 0.125
vt 0.08984 0.0625
vt 0.11328 0.07422
vt 0.12109 0.08984
vt 0.11719 0.02734
vt 0.11328 0.07422
vt 0.08984 0.0625
vt 0.11719 0.02734
vt 0.12109 0.05859
vt 0.11328 0.07422
vt 0.12109 0.05859
vt 0.12109 0.05859
vt 0.11719 0.02734
vt 0.15234 0.07422
vt 0.14453 0.05859
vt 0.16406 0.03125
vt 0.10938 0.10547
vt 0.13281 0.10938
vt 0.13281 0.125
vt 0.05078 0.07813
vt 0.08594 0.10547
vt 0.04297 0.10547
vt 0.13281 0.125
vt 0.11719 0.12891
vt 0.12109 0.125
vt 0.05859 0.18359
vt 0.10938 0.14063
vt 0.07422 0.20313
vt 0.04688 0.16016
vt 0.08594 0.14063
vt 0.08984 0.14063
vt 0.08984 0.14063
vt 0.10938 0.14063
vt 0.04688 0.16016
vt 0.13281 0.125
vt 0.12109 0.125
vt 0.10938 0.10547
vt 0.04297 0.13281
vt 0.08594 0.14063
vt 0.04688 0.16016
vt 0.08594 0.10547
vt 0.04297 0.13281
vt 0.04297 0.10547
vt 0.19922 0.08203
vt 0.18359 0.10547
vt 0.16406 0.10547
vt 0.17578 0.05469
vt 0.15625 0.10547
vt 0.13281 0.125
vt 0.22656 0.11328
vt 0.18359 0.10547
vt 0.19922 0.08203
vt 0.14844 0.12109
vt 0.14453 0.125
vt 0.13281 0.125
vt 0.1875 0.21094
vt 0.15625 0.14063
vt 0.20313 0.19141
vt 0.15625 0.14063
vt 0.22656 0.14063
vt 0.20313 0.19141
vt 0.13281 0.125
vt 0.15625 0.10547
vt 0.15625 0.10938
vt 0.22656 0.14063
vt 0.18359 0.14063
vt 0.22656 0.11328
vt 0.22656 0.11328
vt 0.18359 0.11719
vt 0.18359 0.10547
vt 0.22656 0.11328
vt 0.18359 0.14063
vt 0.18359 0.11719
vt 0.14063 0.22656
vt 0.14844 0.17969
vt 0.16406 0.22266
vt 0.15625 0.14063
vt 0.14844 0.15234
vt 0.14453 0.125
vt 0.13281 0.13672
vt 0.13281 0.125
vt 0.14453 0.125
vt 0.14844 0.15234
vt 0.13281 0.13672
vt 0.14453 0.125
vt 0.10938 0.14063
vt 0.11719 0.15234
vt 0.07422 0.20313
vt 0.11719 0.15234
vt 0.11719 0.17969
vt 0.07422 0.20313
vt 0.09375 0.21875
vt 0.11719 0.17969
vt 0.11719 0.22656
vt 0.11719 0.17969
vt 0.14063 0.22656
vt 0.11719 0.22656
vt 0.13281 0.125
vt 0.14844 0.09375
vt 0.17578 0.05469
vt 0.17578 0.05469
vt 0.14844 0.06641
vt 0.14844 0.01953
vt 0.13281 0.125
vt 0.13672 0.10938
vt 0.14844 0.09375
vt 0.14063 0.06641
vt 0.125 0.01953
vt 0.14844 0.01953
vt 0.13281 0.125
vt 0.13281 0.10938
vt 0.13672 0.10938
vt 0.125 0.01953
vt 0.11719 0.06641
vt 0.10156 0.02344
vt 0.14844 0.01953
vt 0.14844 0.06641
vt 0.14063 0.06641
vt 0.77734 0.60938
vt 0.69141 0.64063
vt 0.69141 0.63672
vt 0.60938 0.60938
vt 0.64453 0.62109
vt 0.60938 0.67578
vt 0.60938 0.67578
vt 0.64453 0.64844
vt 0.67188 0.64844
vt 0.60938 0.67578
vt 0.69141 0.64844
vt 0.77734 0.80469
vt 0.60938 0.67578
vt 0.67188 0.64844
vt 0.69141 0.64844
vt 0.77734 0.60938
vt 0.69141 0.63672
vt 0.69141 0.62109
vt 0.64453 0.62109
vt 0.64453 0.64844
vt 0.60938 0.67578
vt 0.64453 0.64844
vt 0.64453 0.62109
vt 0.64453 0.63281
vt 0.94531 0.67578
vt 0.92188 0.63672
vt 0.94922 0.60938
vt 0.94922 0.60938
vt 0.86328 0.61328
vt 0.77734 0.60938
vt 0.94531 0.67578
vt 0.88281 0.65234
vt 0.89844 0.64453
vt 0.77734 0.60938
vt 0.86328 0.65625
vt 0.77734 0.80469
vt 0.77734 0.60938
vt 0.86328 0.61328
vt 0.86719 0.63672
vt 0.77734 0.60938
vt 0.86328 0.64453
vt 0.86328 0.65625
vt 0.94531 0.67578
vt 0.89844 0.64453
vt 0.92188 0.63672
vt 0.77734 0.60938
vt 0.86719 0.63672
vt 0.86328 0.64453
vt 0.75391 0.20313
vt 0.74609 0.22656
vt 0.75391 0.20313
vt 0.74609 0.22656
vt 0.74609 0.22656
vt 0.72656 0.23438
vt 0.72656 0.23438
vt 0.70703 0.22656
vt 0.72656 0.23438
vt 0.70703 0.22656
vt 0.70313 0.22656
vt 0.69531 0.20313
vt 0.69531 0.20313
vt 0.69922 0.19141
vt 0.70703 0.17969
vt 0.70703 0.17969
vt 0.70313 0.17969
vt 0.72656 0.17188
vt 0.72656 0.16797
vt 0.74609 0.17969
vt 0.72656 0.17188
vt 0.74609 0.17969
vt 0.74609 0.17969
vt 0.75391 0.20313
vt 0.75391 0.20313
vt 0.74609 0.22656
vt 0.72656 0.20313
vt 0.74609 0.22656
vt 0.72656 0.23438
vt 0.72656 0.20313
vt 0.72656 0.23438
vt 0.70703 0.22656
vt 0.72656 0.20313
vt 0.70703 0.22656
vt 0.69531 0.20313
vt 0.72656 0.20313
vt 0.69531 0.20313
vt 0.70703 0.17969
vt 0.72656 0.20313
vt 0.70703 0.17969
vt 0.72656 0.17188
vt 0.72656 0.20313
vt 0.72656 0.17188
vt 0.74609 0.17969
vt 0.72656 0.20313
vt 0.74609 0.17969
vt 0.75391 0.20313
vt 0.72656 0.20313
vt 0.97656 0.25
vt 0.96875 0.27344
vt 0.97656 0.25
vt 0.96875 0.27344
vt 0.95313 0.28125
vt 0.94922 0.28125
vt 0.94922 0.28125
vt 0.94922 0.28125
vt 0.92969 0.27344
vt 0.92969 0.27344
vt 0.92969 0.27344
vt 0.92969 0.27344
vt 0.92188 0.25
vt 0.92969 0.22656
vt 0.92188 0.25
vt 0.92969 0.22656
vt 0.92969 0.22656
vt 0.94922 0.21875
vt 0.94922 0.21875
vt 0.96875 0.22656
vt 0.94922 0.21875
vt 0.96875 0.22656
vt 0.96875 0.22656
vt 0.97656 0.25
vt 0.97656 0.25
vt 0.96875 0.27344
vt 0.94922 0.25
vt 0.96875 0.27344
vt 0.94922 0.28125
vt 0.94922 0.25
vt 0.94922 0.28125
vt 0.92969 0.27344
vt 0.94922 0.25
vt 0.92969 0.27344
vt 0.92188 0.25
vt 0.94922 0.25
vt 0.92188 0.25
vt 0.92969 0.22656
vt 0.94922 0.25
vt 0.92969 0.22656
vt 0.94922 0.21875
vt 0.94922 0.25
vt 0.94922 0.21875
vt 0.96875 0.22656
vt 0.94922 0.25
vt 0.96875 0.22656
vt 0.97656 0.25
vt 0.94922 0.25
vt 0.89844 0.25
vt 0.89063 0.27344
vt 0.89844 0.25
vt 0.89063 0.27344
vt 0.89063 0.27344
vt 0.87109 0.28125
vt 0.87109 0.28125
vt 0.85156 0.27344
vt 0.87109 0.28125
vt 0.85156 0.27344
vt 0.85156 0.27344
vt 0.84375 0.25
vt 0.84375 0.25
vt 0.85156 0.23047
vt 0.84375 0.25
vt 0.85156 0.23047
vt 0.85156 0.23047
vt 0.87109 0.21875
vt 0.87109 0.21875
vt 0.89063 0.23047
vt 0.87109 0.21875
vt 0.89063 0.23047
vt 0.89063 0.23047
vt 0.89844 0.25
vt 0.89844 0.25
vt 0.89063 0.27344
vt 0.87109 0.25
vt 0.89063 0.27344
vt 0.87109 0.28125
vt 0.87109 0.25
vt 0.87109 0.28125
vt 0.85156 0.27344
vt 0.87109 0.25
vt 0.85156 0.27344
vt 0.84375 0.25
vt 0.87109 0.25
vt 0.84375 0.25
vt 0.85156 0.23047
vt 0.87109 0.25
vt 0.85156 0.23047
vt 0.87109 0.21875
vt 0.87109 0.25
vt 0.87109 0.21875
vt 0.89063 0.23047
vt 0.87109 0.25
vt 0.89063 0.23047
vt 0.89844 0.25
vt 0.87109 0.25
vt 0.82422 0.20313
vt 0.81641 0.22656
vt 0.82422 0.20313
vt 0.81641 0.22656
vt 0.81641 0.22656
vt 0.79688 0.23438
vt 0.79688 0.23438
vt 0.78906 0.23438
vt 0.77734 0.22656
vt 0.77734 0.22656
vt 0.77734 0.22656
vt 0.76953 0.20313
vt 0.76563 0.20313
vt 0.77734 0.18359
vt 0.76953 0.20313
vt 0.77734 0.18359
vt 0.77734 0.17969
vt 0.79688 0.17188
vt 0.79688 0.17188
vt 0.81641 0.18359
vt 0.79688 0.17188
vt 0.81641 0.18359
vt 0.81641 0.17969
vt 0.82422 0.20313
vt 0.82422 0.20313
vt 0.81641 0.22656
vt 0.79688 0.20313
vt 0.81641 0.22656
vt 0.79688 0.23438
vt 0.79688 0.20313
vt 0.79688 0.23438
vt 0.77734 0.22656
vt 0.79688 0.20313
vt 0.77734 0.22656
vt 0.76953 0.20313
vt 0.79688 0.20313
vt 0.76953 0.20313
vt 0.77734 0.18359
vt 0.79688 0.20313
vt 0.77734 0.18359
vt 0.79688 0.17188
vt 0.79688 0.20313
vt 0.79688 0.17188
vt 0.81641 0.18359
vt 0.79688 0.20313
vt 0.81641 0.18359
vt 0.82422 0.20313
vt 0.79688 0.20313
vt 0.08984 0.29688
vt 0.08984 0.32422
vt 0.08984 0.26953
vt 0.08984 0.26953
vt 0.08984 0.32422
vt 0.03516 0.26953
vt 0.03516 0.29688
vt 0.08984 0.32422
vt 0.03516 0.32422
vt 0.0625 0.32422
vt 0.07031 0.29688
vt 0.08984 0.32422
vt 0.03516 0.32422
vt 0.03516 0.29688
vt 0.0625 0.32422
vt 0.08984 0.26953
vt 0.08984 0.32422
vt 0.08984 0.29688
vt 0.03516 0.26953
vt 0.08984 0.32422
vt 0.08984 0.26953
vt 0.08984 0.29688
vt 0.0625 0.32422
vt 0.08984 0.32422
vt 0.03906 0.30078
vt 0.03516 0.29688
vt 0.0625 0.32422
vt 0.08984 0.32422
vt 0.08984 0.29688
vt 0.03516 0.29688
vt 0.08984 0.29688
vt 0.07031 0.29688
vt 0.08984 0.32422
vt 0.08984 0.26953
vt 0.08984 0.32422
vt 0.08984 0.29688
vt 0.03516 0.26953
vt 0.08984 0.32422
vt 0.08984 0.26953
vt 0.08984 0.29688
vt 0.03516 0.29688
vt 0.08984 0.32422
vt 0.08984 0.29688
vt 0.0625 0.32422
vt 0.08984 0.32422
vt 0.0625 0.30078
vt 0.03516 0.29688
vt 0.0625 0.32422
vt 0.08984 0.32422
vt 0.08984 0.29688
vt 0.03516 0.29688
vt 0.08984 0.29688
vt 0.08984 0.32422
vt 0.08984 0.26953
vt 0.08984 0.26953
vt 0.08984 0.32422
vt 0.03516 0.26953
vt 0.0625 0.30078
vt 0.08984 0.29688
vt 0.0625 0.32422
vt 0.03516 0.32422
vt 0.03516 0.29688
vt 0.0625 0.32422
vt 0.03125 0.33594
vt 0.03125 0.28125
vt 0.08594 0.33594
vt 0.08594 0.33594
vt 0.05469 0.30859
vt 0.06641 0.30859
vt 0.03125 0.33594
vt 0.03125 0.30859
vt 0.08594 0.33594
vt 0.03125 0.33594
vt 0.05469 0.30859
vt 0.08594 0.33594
vt 0.03125 0.33594
vt 0.03125 0.3125
vt 0.08594 0.33594
vt 0.03125 0.30859
vt 0.08594 0.33594
vt 0.03125 0.33594
vt 0.08594 0.30859
vt 0.08594 0.33594
vt 0.06641 0.30859
vt 0.03125 0.33594
vt 0.03125 0.30859
vt 0.08594 0.33594
vt 0.03125 0.33594
vt 0.03125 0.30859
vt 0.08594 0.33594
vt 0.03516 0.32422
vt 0.0625 0.32422
vt 0.03516 0.29688
vt 0.05859 0.30078
vt 0.03906 0.30078
vt 0.0625 0.32422
vt 0.08594 0.33594
vt 0.05859 0.3125
vt 0.08594 0.30859
vt 0.08594 0.33594
vt 0.03125 0.30859
vt 0.05469 0.30859
vt 0.08594 0.33594
vt 0.06641 0.30859
vt 0.08594 0.30859
vt 0.03125 0.30859
vt 0.05469 0.30859
vt 0.03125 0.33594
vt 0.08594 0.33594
vt 0.03125 0.3125
vt 0.05859 0.3125
vt 0.03516 0.32422
vt 0.07813 0.29688
vt 0.03516 0.29688
vt 0.0625 0.30078
vt 0.05859 0.30078
vt 0.0625 0.32422
vt 0.05469 0.30078
vt 0.0625 0.32422
vt 0.03516 0.29688
vt 0.0625 0.30078
vt 0.07031 0.29688
vt 0.0625 0.32422
vt 0.03516 0.32422
vt 0.08984 0.32422
vt 0.03516 0.29688
vt 0.03516 0.32422
vt 0.0625 0.32422
vt 0.03516 0.29688
vt 0.03516 0.32422
vt 0.08984 0.32422
vt 0.03516 0.29688
vt 0.08984 0.29688
vt 0.03516 0.32422
vt 0.08984 0.32422
vt 0.03516 0.29688
vt 0.08984 0.29688
vt 0.08984 0.32422
vt 0.0625 0.32422
vt 0.05469 0.30078
vt 0.0625 0.30078
vt 0.0625 0.32422
vt 0.03516 0.29688
vt 0.0625 0.30078
vt 0.05469 0.30859
vt 0.06641 0.30859
vt 0.08594 0.33594
vt 0.05078 0.30859
vt 0.08594 0.33594
vt 0.03125 0.30859
vt 0.08594 0.33594
vt 0.05078 0.30859
vt 0.05859 0.30859
vt 0.08594 0.33594
vt 0.05859 0.30859
vt 0.08594 0.30859
vt 0.08594 0.33594
vt 0.03125 0.30859
vt 0.05469 0.30859
vt 0.69531 0.20313
vt 0.69922 0.19141
vt 0.69531 0.20313
vt 0.72656 0.17188
vt 0.70313 0.17969
vt 0.72656 0.16797
vt 0.75391 0.19531
vt 0.75391 0.20313
vt 0.74609 0.17969
vt 0.79688 0.23828
vt 0.78906 0.23438
vt 0.79688 0.23438
vt 0.76953 0.20313
vt 0.77734 0.22656
vt 0.76563 0.20313
vt 0.78125 0.17969
vt 0.79688 0.17188
vt 0.77734 0.17969
vt 0.75391 0.20313
vt 0.75391 0.19531
vt 0.75391 0.20313
vt 0.72656 0.23438
vt 0.74609 0.22656
vt 0.72656 0.23438
vt 0.96875 0.27344
vt 0.95313 0.28125
vt 0.96875 0.27344
vt 0.92969 0.27344
vt 0.94922 0.28125
vt 0.92969 0.27344
vt 0.89844 0.25
vt 0.89063 0.23047
vt 0.89844 0.25
vt 0.87109 0.28125
vt 0.89063 0.27344
vt 0.87109 0.28125
vt 0.84375 0.25
vt 0.85156 0.27344
vt 0.84375 0.25
vt 0.87109 0.21875
vt 0.85156 0.23047
vt 0.87109 0.21875
vt 0.69531 0.20313
vt 0.70313 0.22656
vt 0.69531 0.20313
vt 0.97656 0.25
vt 0.96875 0.22656
vt 0.97656 0.25
vt 0.92188 0.25
vt 0.92969 0.27344
vt 0.92188 0.25
vt 0.94922 0.21875
vt 0.92969 0.22656
vt 0.94922 0.21875
vt 0.82422 0.20313
vt 0.81641 0.18359
vt 0.82422 0.20313
vt 0.79688 0.17188
vt 0.78125 0.17969
vt 0.79688 0.17188
vt 0.79688 0.23438
vt 0.81641 0.22656
vt 0.79688 0.23828
vt 0.05859 0.59766
vt 0.05859 0.66406
vt 0.05859 0.67578
vt 0.06641 0.65625
vt 0.05859 0.66406
vt 0.05859 0.59766
vt 0.17188 0.51563
vt 0.10938 0.64453
vt 0.14453 0.51563
vt 0.19531 0.52734
vt 0.14453 0.65625
vt 0.17188 0.51563
vt 0.05859 0.66406
vt 0.0625 0.66797
vt 0.05859 0.67578
vt 0.06641 0.65625
vt 0.07031 0.66406
vt 0.05859 0.66406
vt 0.07422 0.64844
vt 0.07422 0.65625
vt 0.06641 0.65625
vt 0.08594 0.64453
vt 0.08594 0.65234
vt 0.07422 0.64844
vt 0.19922 0.65234
vt 0.20313 0.64844
vt 0.19922 0.63672
vt 0.21094 0.61719
vt 0.20703 0.625
vt 0.20703 0.69141
vt 0.20313 0.60547
vt 0.21094 0.61719
vt 0.21094 0.67969
vt 0.19141 0.59766
vt 0.20313 0.60547
vt 0.20313 0.67188
vt 0.28906 0.64453
vt 0.20703 0.64453
vt 0.27344 0.57422
vt 0.27344 0.57422
vt 0.20313 0.62109
vt 0.23047 0.52344
vt 0.23047 0.52344
vt 0.1875 0.60156
vt 0.16797 0.50391
vt 0.16797 0.50391
vt 0.16797 0.59766
vt 0.10547 0.52344
vt 0.10547 0.52344
vt 0.14453 0.60156
vt 0.05859 0.57422
vt 0.05859 0.71484
vt 0.13281 0.66797
vt 0.10547 0.76563
vt 0.27344 0.71484
vt 0.20313 0.66797
vt 0.28906 0.64453
vt 0.29688 0.05859
vt 0.29688 0.05859
vt 0.29688 0.05078
vt 0.29688 0.05078
vt 0.29688 0.05078
vt 0.28906 0.04688
vt 0.28906 0.04688
vt 0.28906 0.04688
vt 0.28125 0.04297
vt 0.28125 0.04297
vt 0.28125 0.04297
vt 0.27734 0.04688
vt 0.27734 0.04688
vt 0.27734 0.04688
vt 0.26953 0.05078
vt 0.26953 0.05859
vt 0.26953 0.05859
vt 0.26953 0.06641
vt 0.26953 0.06641
vt 0.26953 0.06641
vt 0.27734 0.07422
vt 0.27734 0.07422
vt 0.27734 0.07422
vt 0.28125 0.07813
vt 0.28125 0.07813
vt 0.28125 0.07813
vt 0.28906 0.07422
vt 0.28906 0.07422
vt 0.28906 0.07422
vt 0.29688 0.06641
vt 0.29688 0.06641
vt 0.29688 0.06641
vt 0.29688 0.05859
vt 0.81641 0.07422
vt 0.80859 0.07422
vt 0.80859 0.04297
vt 0.80859 0.04297
vt 0.80469 0.04688
vt 0.78906 0.01953
vt 0.78906 0.01953
vt 0.78516 0.02344
vt 0.76172 0.01172
vt 0.76172 0.01172
vt 0.76172 0.01563
vt 0.73047 0.01953
vt 0.73047 0.01953
vt 0.73438 0.02344
vt 0.71094 0.04297
vt 0.71094 0.04297
vt 0.71484 0.04688
vt 0.70313 0.07422
vt 0.70313 0.07422
vt 0.71094 0.07422
vt 0.71094 0.10547
vt 0.71094 0.10547
vt 0.71484 0.10547
vt 0.73047 0.12891
vt 0.73047 0.12891
vt 0.73438 0.125
vt 0.76172 0.13672
vt 0.76172 0.13672
vt 0.76172 0.13281
vt 0.78906 0.12891
vt 0.78906 0.12891
vt 0.78516 0.125
vt 0.80859 0.10547
vt 0.80859 0.10547
vt 0.80469 0.10547
vt 0.81641 0.07422
vt 0.17578 0.05469
vt 0.16406 0.10547
vt 0.15625 0.10547
vt 0.20313 0.69141
vt 0.19922 0.70313
vt 0.20703 0.69141
vt 0.19922 0.70313
vt 0.19922 0.69531
vt 0.18359 0.70703
vt 0.36328 0.02734
vt 0.61719 0.02734
vt 0.66016 0.19922
vt 0.96875 0.73047
vt 0.96484 0.78125
vt 0.88672 0.79297
vt 0.20313 0.69141
vt 0.21875 0.67578
vt 0.21094 0.69922
vt 0.64453 0.62109
vt 0.60938 0.60938
vt 0.69141 0.62109
vt 0.20703 0.66406
vt 0.20313 0.64844
vt 0.21875 0.67578
vt 0.77734 0.33203
vt 0.32031 0.19922
vt 0.66016 0.19922
vt 0.05859 0.60547
vt 0.05859 0.67578
vt 0.05859 0.67578
vt 0.14844 0.17969
vt 0.1875 0.21094
vt 0.16406 0.22266
vt 0.14844 0.15234
vt 0.15625 0.14063
vt 0.14844 0.17969
vt 0.08594 0.10547
vt 0.11719 0.09375
vt 0.10938 0.10547
vt 0.0625 0.05469
vt 0.08594 0.10547
vt 0.05078 0.07813
vt 0.10156 0.02344
vt 0.0625 0.05469
vt 0.08203 0.03906
vt 0.11719 0.09375
vt 0.10156 0.02344
vt 0.11719 0.06641
vt 0.0625 0.05469
vt 0.11719 0.09375
vt 0.08594 0.10547
vt 0.49219 0.01563
vt 0.36328 0.02734
vt 0.35547 0.01563
vt 0.77734 0.80469
vt 0.86328 0.65625
vt 0.94531 0.67578
vt 0.22266 0.80469
vt 0.23828 0.80469
vt 0.23828 0.73828
vt 0.23828 0.73828
vt 0.23828 0.80469
vt 0.25 0.80469
vt 0.35938 0.6875
vt 0.28125 0.78125
vt 0.36719 0.67188
vt 0.36719 0.67188
vt 0.27344 0.75781
vt 0.35547 0.65234
vt 0.22266 0.80469
vt 0.23828 0.80859
vt 0.23828 0.80469
vt 0.23828 0.80469
vt 0.25 0.80469
vt 0.25 0.80469
vt 0.25 0.80469
vt 0.26172 0.80078
vt 0.26172 0.80078
vt 0.26172 0.80078
vt 0.26953 0.79688
vt 0.27344 0.79297
vt 0.21484 0.64844
vt 0.21875 0.66406
vt 0.21484 0.66406
vt 0.23047 0.71094
vt 0.23047 0.64453
vt 0.24609 0.64453
vt 0.24609 0.71094
vt 0.24609 0.64453
vt 0.26172 0.65234
vt 0.26172 0.71875
vt 0.26172 0.65234
vt 0.26953 0.66016
vt 0.05859 0.57422
vt 0.125 0.64453
vt 0.04297 0.64453
vt 0.10547 0.52344
vt 0.13281 0.62109
vt 0.05859 0.57422
vt 0.16797 0.50391
vt 0.14453 0.60156
vt 0.10547 0.52344
vt 0.23047 0.52344
vt 0.16797 0.59766
vt 0.16797 0.50391
vt 0.27344 0.57422
vt 0.1875 0.60156
vt 0.23047 0.52344
vt 0.22656 0.76563
vt 0.20313 0.66797
vt 0.27344 0.71484
vt 0.04297 0.64453
vt 0.13281 0.66797
vt 0.05859 0.71484
vt 0.26953 0.05078
vt 0.26953 0.05859
vt 0.26953 0.05859
vt 0.27734 0.04688
vt 0.26953 0.05078
vt 0.26953 0.05078
vt 0.28125 0.04297
vt 0.27734 0.04688
vt 0.27734 0.04688
vt 0.28906 0.04688
vt 0.28125 0.04297
vt 0.28125 0.04297
vt 0.29688 0.05078
vt 0.28906 0.04688
vt 0.28906 0.04688
vt 0.29688 0.05859
vt 0.29688 0.05078
vt 0.29688 0.05078
vt 0.29688 0.06641
vt 0.29688 0.05859
vt 0.29688 0.05859
vt 0.28906 0.07422
vt 0.29688 0.06641
vt 0.29688 0.06641
vt 0.28125 0.07813
vt 0.28906 0.07422
vt 0.28906 0.07422
vt 0.27734 0.07422
vt 0.28125 0.07813
vt 0.28125 0.07813
vt 0.26953 0.06641
vt 0.27734 0.07422
vt 0.27734 0.07422
vt 0.8125 0.10938
vt 0.8125 0.07813
vt 0.82031 0.07813
vt 0.78906 0.13281
vt 0.80469 0.10547
vt 0.8125 0.10938
vt 0.76172 0.14063
vt 0.78906 0.12891
vt 0.78906 0.13281
vt 0.73438 0.13281
vt 0.76172 0.13672
vt 0.76172 0.14063
vt 0.71484 0.10938
vt 0.73828 0.12891
vt 0.73438 0.13281
vt 0.70703 0.07813
vt 0.71875 0.10547
vt 0.71484 0.10938
vt 0.71484 0.04688
vt 0.71094 0.07813
vt 0.70703 0.07813
vt 0.73438 0.02344
vt 0.71875 0.05078
vt 0.71484 0.04688
vt 0.76172 0.01563
vt 0.73828 0.02734
vt 0.73438 0.02344
vt 0.78906 0.02344
vt 0.76172 0.01953
vt 0.76172 0.01563
vt 0.8125 0.04688
vt 0.78906 0.02734
vt 0.78906 0.02344
vt 0.82031 0.07813
vt 0.80469 0.05078
vt 0.8125 0.04688
vt 0.23047 0.71094
vt 0.21484 0.71484
vt 0.21875 0.70703
vt 0.21094 0.69922
vt 0.21875 0.67578
vt 0.21875 0.70703
vt 0.77734 0.80469
vt 0.66797 0.79297
vt 0.58984 0.73047
vt 0.21875 0.67578
vt 0.21875 0.66406
vt 0.22656 0.68359
vt 0.21875 0.80078
vt 0.22266 0.80469
vt 0.22266 0.73438
vt 0.06641 0.11719
vt 0.04297 0.11719
vt 0.07031 0.10938
vt 0.15234 0.17578
vt 0.14844 0.22656
vt 0.14453 0.19141
vt 0.18359 0.14844
vt 0.15234 0.17578
vt 0.18359 0.14844
vt 0.20313 0.18359
vt 0.18359 0.14844
vt 0.21484 0.16016
vt 0.17188 0.21875
vt 0.20313 0.18359
vt 0.1875 0.20313
vt 0.15234 0.17578
vt 0.17188 0.21875
vt 0.14844 0.22656
vt 0.18359 0.14844
vt 0.20313 0.18359
vt 0.15234 0.17578
vt 0.19531 0.14063
vt 0.21875 0.13672
vt 0.21484 0.16016
vt 0.19922 0.125
vt 0.21875 0.13672
vt 0.19531 0.14063
vt 0.69141 0.64844
vt 0.77734 0.60938
vt 0.77734 0.80469
vt 0.05469 0.26563
vt 0.05469 0.33984
vt 0.07031 0.26563
vt 0.03906 0.26563
vt 0.03906 0.33984
vt 0.05469 0.26563
vt 0.05469 0.34375
vt 0.05469 0.33984
vt 0.03906 0.34375
vt 0.02344 0.26563
vt 0.02344 0.33984
vt 0.03906 0.26563
vt 0.02344 0.26563
vt 0.03906 0.33984
vt 0.03906 0.26563
vt 0.03906 0.26563
vt 0.05469 0.33984
vt 0.05469 0.26563
vt 0.05469 0.34375
vt 0.03906 0.33984
vt 0.03906 0.34375
vt 0.05469 0.26563
vt 0.07031 0.33984
vt 0.07031 0.26563
vt 0.06641 0.19141
vt 0.08203 0.14844
vt 0.09766 0.14063
vt 0.13281 0.125
vt 0.16406 0.125
vt 0.16797 0.14063
vt 0.09766 0.14063
vt 0.16797 0.14063
vt 0.18359 0.14844
vt 0.10156 0.125
vt 0.13281 0.125
vt 0.09766 0.14063
vt 0.16797 0.10938
vt 0.16406 0.125
vt 0.18359 0.04297
vt 0.18359 0.04297
vt 0.16406 0.125
vt 0.15234 0.07422
vt 0.19922 0.0625
vt 0.18359 0.10547
vt 0.16797 0.10938
vt 0.125 0.22656
vt 0.13281 0.19922
vt 0.14453 0.19141
vt 0.09766 0.14063
vt 0.11328 0.17578
vt 0.08203 0.20703
vt 0.11719 0.02734
vt 0.13281 0.05469
vt 0.12109 0.05859
vt 0.14063 0.02734
vt 0.16406 0.03125
vt 0.14453 0.05859
vt 0.13281 0.10938
vt 0.10938 0.10547
vt 0.11719 0.09375
vt 0.05859 0.18359
vt 0.04688 0.16016
vt 0.10938 0.14063
vt 0.04297 0.13281
vt 0.08594 0.10547
vt 0.08594 0.14063
vt 0.22656 0.14063
vt 0.15625 0.14063
vt 0.18359 0.14063
vt 0.21875 0.16797
vt 0.20313 0.19141
vt 0.22656 0.14063
vt 0.10938 0.14063
vt 0.13281 0.13672
vt 0.11719 0.15234
vt 0.13281 0.125
vt 0.10938 0.14063
vt 0.11719 0.12891
vt 0.13281 0.125
vt 0.13281 0.13672
vt 0.10938 0.14063
vt 0.09375 0.21875
vt 0.07422 0.20313
vt 0.11719 0.17969
vt 0.14063 0.22656
vt 0.11719 0.17969
vt 0.14844 0.17969
vt 0.125 0.01953
vt 0.14063 0.06641
vt 0.11719 0.06641
vt 0.74609 0.22656
vt 0.75391 0.20313
vt 0.74609 0.22656
vt 0.70703 0.22656
vt 0.72656 0.23438
vt 0.70313 0.22656
vt 0.70313 0.17969
vt 0.70703 0.17969
vt 0.69922 0.19141
vt 0.74609 0.17969
vt 0.72656 0.16797
vt 0.74609 0.17969
vt 0.96875 0.27344
vt 0.97656 0.25
vt 0.96875 0.27344
vt 0.94922 0.28125
vt 0.94922 0.28125
vt 0.95313 0.28125
vt 0.92188 0.25
vt 0.92969 0.27344
vt 0.92969 0.27344
vt 0.92969 0.22656
vt 0.92188 0.25
vt 0.92969 0.22656
vt 0.96875 0.22656
vt 0.94922 0.21875
vt 0.96875 0.22656
vt 0.89063 0.27344
vt 0.89844 0.25
vt 0.89063 0.27344
vt 0.85156 0.27344
vt 0.87109 0.28125
vt 0.85156 0.27344
vt 0.89063 0.23047
vt 0.87109 0.21875
vt 0.89063 0.23047
vt 0.81641 0.22656
vt 0.82422 0.20313
vt 0.81641 0.22656
vt 0.77734 0.22656
vt 0.77734 0.22656
vt 0.78906 0.23438
vt 0.77734 0.18359
vt 0.76563 0.20313
vt 0.77734 0.17969
vt 0.81641 0.18359
vt 0.79688 0.17188
vt 0.81641 0.17969
vt 0.03516 0.32422
vt 0.03516 0.26953
vt 0.08984 0.32422
vt 0.08984 0.32422
vt 0.03516 0.29688
vt 0.08984 0.29688
vt 0.08984 0.29688
vt 0.08984 0.32422
vt 0.07031 0.29688
vt 0.08984 0.32422
vt 0.03516 0.26953
vt 0.03516 0.32422
vt 0.0625 0.32422
vt 0.08984 0.29688
vt 0.0625 0.30078
vt 0.08984 0.32422
vt 0.03516 0.26953
vt 0.03516 0.32422
vt 0.0625 0.32422
vt 0.08984 0.29688
vt 0.0625 0.30078
vt 0.03516 0.32422
vt 0.03516 0.26953
vt 0.08984 0.32422
vt 0.08984 0.32422
vt 0.0625 0.32422
vt 0.08984 0.29688
vt 0.08594 0.28125
vt 0.08594 0.33594
vt 0.03125 0.28125
vt 0.08594 0.33594
vt 0.03125 0.30859
vt 0.08594 0.30859
vt 0.08594 0.3125
vt 0.08594 0.33594
vt 0.05469 0.30859
vt 0.08594 0.33594
vt 0.03125 0.30859
vt 0.08594 0.30859
vt 0.29688 0.05859
vt 0.29688 0.05859
vt 0.29688 0.06641
vt 0.19922 0.50391
vt 0.1875 0.49219
vt 0.19922 0.51563
vt 0.15625 0.66797
vt 0.17188 0.64063
vt 0.17188 0.66406
vt 0.26563 0.73828
vt 0.26563 0.71484
vt 0.25781 0.74609
vt 0.03516 0.32422
vt 0.03516 0.29688
vt 0.08984 0.32422
vt 0.08984 0.29688
vt 0.07813 0.29688
vt 0.08984 0.32422
vt 0.03516 0.29688
vt 0.08984 0.32422
vt 0.03516 0.32422
vt 0.03516 0.32422
vt 0.03516 0.29688
vt 0.08984 0.32422
vt 0.08984 0.29688
vt 0.03516 0.32422
vt 0.07422 0.29688
vt 0.03125 0.30859
vt 0.08594 0.33594
vt 0.03125 0.33594
vt 0.03125 0.33594
vt 0.03125 0.28125
vt 0.08594 0.33594
vt 0.08984 0.32422
vt 0.03516 0.32422
vt 0.08984 0.29688
vt 0.03516 0.29688
vt 0.07422 0.29688
vt 0.03516 0.32422
vt 0.07813 0.29688
vt 0.08984 0.32422
vt 0.03516 0.29688
vt 0.03516 0.32422
vt 0.07031 0.29688
vt 0.03516 0.29688
vt 0.08984 0.32422
vt 0.07813 0.29688
vt 0.08984 0.29688
vt 0.08984 0.32422
vt 0.03516 0.29688
vt 0.08984 0.29688
vt 0.26953 0.05078
vt 0.26953 0.05078
vt 0.26953 0.05859
vt 0.26953 0.05859
vt 0.26953 0.06641
vt 0.26953 0.06641
vt 0.20703 0.72266
vt 0.21484 0.70703
vt 0.21484 0.71484
vt 0.85156 0.23047
vt 0.84375 0.25
vt 0.85156 0.23047
vt 0.03516 0.32422
vt 0.08984 0.32422
vt 0.07813 0.29688
vt 0.03516 0.32422
vt 0.08984 0.32422
vt 0.07031 0.29688
vt 0.03516 0.32422
vt 0.08984 0.32422
vt 0.03516 0.29688
vt 0.08984 0.32422
vt 0.03516 0.29688
vt 0.08984 0.29688
vt 0.03516 0.32422
vt 0.08984 0.29688
vt 0.03516 0.29688
vt 0.03516 0.32422
vt 0.03516 0.29688
vt 0.08984 0.32422

# 2415 Vertex Normals
vn -0.817515 0.0 -0.575907
vn -0.614645 0.33685 -0.713262
vn -0.612456 -0.000614 -0.790504
vn -0.943367 0.0 -0.33175
vn -0.89374 0.326889 -0.3072
vn -0.817515 0.0 -0.575907
vn -0.999107 -0.008955 -0.041301
vn -0.895256 0.438371 -0.079673
vn -0.89374 0.326889 -0.3072
vn -0.767406 -0.000023 0.641161
vn -0.872909 0.392961 0.289156
vn -0.999107 -0.008955 -0.041301
vn -0.176716 -0.015545 0.984139
vn -0.43691 0.564367 0.700428
vn -0.767406 -0.000023 0.641161
vn 0.423267 -0.015384 0.905874
vn 0.109508 0.441283 0.890661
vn -0.176716 -0.015545 0.984139
vn 0.820783 0.030601 0.570419
vn 0.512274 0.385092 0.767646
vn 0.423267 -0.015384 0.905874
vn -0.247185 0.950812 0.186698
vn -0.433073 0.881558 0.187891
vn -0.872909 0.392961 0.289156
vn -0.041578 0.946854 0.318966
vn -0.07133 0.978068 0.195691
vn -0.43691 0.564367 0.700428
vn 0.255443 0.965938 -0.041385
vn 0.210787 0.973099 -0.092995
vn 0.425544 0.878524 -0.217042
vn 0.394201 0.793667 -0.463357
vn 0.274843 0.936565 -0.217501
vn 0.298428 0.934551 -0.193793
vn 0.532396 0.599732 -0.597391
vn 0.244508 0.909043 -0.337426
vn 0.394201 0.793667 -0.463357
vn 0.148546 0.86159 -0.485384
vn 0.200433 0.840446 -0.503465
vn 0.417176 0.659736 -0.625069
vn 0.027307 0.87091 -0.490684
vn 0.059619 0.898217 -0.43549
vn 0.148546 0.86159 -0.485384
vn -0.100881 0.875112 -0.473288
vn -0.068691 0.855194 -0.513736
vn 0.027307 0.87091 -0.490684
vn -0.343434 0.747505 -0.568586
vn -0.191059 0.86363 -0.466518
vn -0.100881 0.875112 -0.473288
vn -0.614645 0.33685 -0.713262
vn -0.197119 0.943063 -0.267911
vn -0.343434 0.747505 -0.568586
vn -0.358534 0.891753 -0.276099
vn -0.197119 0.943063 -0.267911
vn -0.614645 0.33685 -0.713262
vn -0.298469 0.946197 -0.125009
vn -0.358534 0.891753 -0.276099
vn -0.73629 0.461896 -0.494499
vn -0.37693 0.924961 -0.048697
vn -0.298469 0.946197 -0.125009
vn -0.89374 0.326889 -0.3072
vn -0.449952 0.891025 0.060141
vn -0.37693 0.924961 -0.048697
vn -0.895256 0.438371 -0.079673
vn -0.999107 -0.008955 -0.041301
vn -0.89374 0.326889 -0.3072
vn -0.943367 0.0 -0.33175
vn 0.820783 0.030601 0.570419
vn 0.881937 0.007847 0.471302
vn 0.869653 0.045436 0.491568
vn 0.208071 -0.109648 -0.971949
vn 0.180541 -0.047081 -0.98244
vn 0.271641 -0.025485 -0.962061
vn 0.180872 -0.215464 -0.959615
vn -0.0 -0.138872 -0.99031
vn 0.208071 -0.109648 -0.971949
vn 0.281781 0.8164 -0.504074
vn 0.028677 0.994416 -0.101563
vn 0.026015 0.994193 -0.104422
vn 0.208071 -0.109648 -0.971949
vn -0.0 -0.138872 -0.99031
vn 0.180541 -0.047081 -0.98244
vn -0.0 -0.138872 -0.99031
vn -0.0 -0.033095 -0.999452
vn 0.180541 -0.047081 -0.98244
vn 0.180872 -0.215464 -0.959615
vn -0.0 -0.215132 -0.976585
vn -0.0 -0.138872 -0.99031
vn 0.148546 0.86159 -0.485384
vn 0.026015 0.994193 -0.104422
vn 0.017761 0.99263 -0.119872
vn -0.0 -0.138872 -0.99031
vn -0.180541 -0.047081 -0.98244
vn -0.0 -0.033095 -0.999452
vn 0.027307 0.87091 -0.490684
vn 0.017761 0.99263 -0.119872
vn -0.016837 0.99235 -0.122301
vn -0.180541 -0.047081 -0.98244
vn -0.208071 -0.109648 -0.971949
vn -0.271641 -0.025485 -0.962061
vn -0.0 -0.215132 -0.976585
vn -0.180872 -0.215464 -0.959615
vn -0.0 -0.138872 -0.99031
vn -0.180872 -0.215464 -0.959615
vn -0.208071 -0.109648 -0.971949
vn -0.0 -0.138872 -0.99031
vn 0.992821 -0.022725 -0.117435
vn 0.988917 -0.023484 -0.1466
vn 0.952424 -0.043558 -0.301647
vn 0.992821 -0.022725 -0.117435
vn 0.992388 -0.008297 -0.12287
vn 0.991234 -0.036026 -0.127114
vn -0.997375 -0.017669 -0.07022
vn -0.797586 -0.004613 -0.603188
vn -0.991818 -0.00338 -0.127614
vn 0.994941 -0.026694 -0.096851
vn 0.992388 -0.008297 -0.12287
vn 0.992821 -0.022725 -0.117435
vn 0.988917 -0.023484 -0.1466
vn 0.747484 0.226442 -0.624493
vn 0.952424 -0.043558 -0.301647
vn 0.026015 0.994193 -0.104422
vn 0.148546 0.86159 -0.485384
vn 0.281781 0.8164 -0.504074
vn 0.017761 0.99263 -0.119872
vn 0.027307 0.87091 -0.490684
vn 0.148546 0.86159 -0.485384
vn -0.016837 0.99235 -0.122301
vn -0.100881 0.875112 -0.473288
vn 0.027307 0.87091 -0.490684
vn -0.11693 0.986925 -0.110931
vn -0.274493 0.8411 -0.466052
vn -0.100881 0.875112 -0.473288
vn -0.285898 0.954599 -0.083685
vn -0.274493 0.8411 -0.466052
vn -0.11693 0.986925 -0.110931
vn 0.820783 0.030601 0.570419
vn 0.869653 0.045436 0.491568
vn 0.751733 0.275427 0.599197
vn 0.169667 0.985355 -0.017017
vn -0.023233 0.998289 -0.05366
vn 0.254606 0.963908 -0.077832
vn 0.924738 0.000113 0.380604
vn 0.966092 -0.000192 0.258199
vn 0.965933 0.000147 0.258791
vn 0.424246 0.0 0.905547
vn 0.573878 0.0 0.81894
vn 0.891005 -0.000018 0.453993
vn -0.090335 0.0 0.995911
vn 0.092602 0.0 0.995703
vn 0.424246 0.0 0.905547
vn -0.6352 -0.012916 0.77224
vn -0.434134 0.0 0.900848
vn -0.090335 0.0 0.995911
vn -0.747841 0.007467 0.663836
vn -0.434134 0.0 0.900848
vn -0.6352 -0.012916 0.77224
vn 0.076259 0.995626 0.053971
vn 0.08446 0.995644 0.039493
vn 0.092871 0.995642 0.008502
vn 0.040287 0.995598 0.084624
vn 0.053885 0.995613 0.07649
vn 0.076259 0.995626 0.053971
vn -0.008585 0.995685 0.092404
vn 0.009015 0.995641 0.092827
vn 0.040287 0.995598 0.084624
vn -0.053968 0.995631 0.076194
vn -0.040106 0.99566 0.083981
vn -0.008585 0.995685 0.092404
vn -0.122615 0.992229 0.021142
vn -0.090352 0.99549 0.028914
vn -0.053968 0.995631 0.076194
vn -0.090352 0.99549 0.028914
vn -0.122615 0.992229 0.021142
vn 0.027237 0.965325 0.259625
vn 0.027237 0.965325 0.259625
vn -0.148676 0.988842 0.009369
vn -0.044147 0.99902 -0.00333
vn -0.043846 0.991858 -0.119562
vn -0.023233 0.998289 -0.05366
vn -0.097107 0.992866 -0.069198
vn -0.023233 0.998289 -0.05366
vn -0.043846 0.991858 -0.119562
vn 0.254606 0.963908 -0.077832
vn 0.254606 0.963908 -0.077832
vn 0.011834 0.990262 -0.138713
vn 0.040207 0.989793 -0.136725
vn 0.040207 0.989793 -0.136725
vn 0.050805 0.992283 -0.113105
vn 0.069666 0.994741 -0.075085
vn 0.092871 0.995642 0.008502
vn 0.092945 0.995638 -0.008083
vn 0.084635 0.995647 -0.039045
vn 0.817708 0.0 0.575633
vn 0.906455 0.0 0.422303
vn 0.995772 0.0 0.091861
vn 0.433196 0.0 0.9013
vn 0.58033 0.0 0.814382
vn 0.817708 0.0 0.575633
vn -0.100913 0.0 0.994895
vn 0.093744 0.0 0.995596
vn 0.433196 0.0 0.9013
vn -0.572195 0.0 0.820117
vn -0.432274 0.0 0.901742
vn -0.100913 0.0 0.994895
vn -0.903963 0.0 0.42761
vn -0.810556 0.0 0.585661
vn -0.572195 0.0 0.820117
vn -0.99636 0.0 -0.085247
vn -0.995772 0.0 0.091861
vn -0.903963 0.0 0.42761
vn -0.811807 0.0 -0.583926
vn -0.905879 0.0 -0.423536
vn -0.99636 0.0 -0.085247
vn -0.416968 0.0 -0.908921
vn -0.565528 0.0 -0.824729
vn -0.811807 0.0 -0.583926
vn 0.085247 0.0 -0.99636
vn -0.091861 0.0 -0.995772
vn -0.416968 0.0 -0.908921
vn 0.573879 0.0 -0.81894
vn 0.418222 0.0 -0.908345
vn 0.085247 0.0 -0.99636
vn 0.908345 0.0 -0.418222
vn 0.81894 0.0 -0.573879
vn 0.573879 0.0 -0.81894
vn 0.616079 0.66531 0.421674
vn 0.858804 0.3185 0.401265
vn 0.742122 0.667753 0.05797
vn 0.328157 0.660948 0.674879
vn 0.55076 0.302837 0.777787
vn 0.616079 0.66531 0.421674
vn -0.060264 0.663836 0.745446
vn 0.084178 0.308509 0.94749
vn 0.328157 0.660948 0.674879
vn -0.423172 0.662137 0.618465
vn -0.40163 0.300429 0.865122
vn -0.060264 0.663836 0.745446
vn -0.67193 0.668597 0.318572
vn -0.777501 0.311851 0.546115
vn -0.423172 0.662137 0.618465
vn -0.743012 0.66692 -0.056128
vn -0.945006 0.315935 0.084555
vn -0.67193 0.668597 0.318572
vn -0.619822 0.662456 -0.420681
vn -0.862255 0.312081 -0.398901
vn -0.743012 0.66692 -0.056128
vn -0.326442 0.658304 -0.678286
vn -0.550973 0.29865 -0.779254
vn -0.619822 0.662456 -0.420681
vn 0.057807 0.657964 -0.750828
vn -0.084047 0.295158 -0.951745
vn -0.326442 0.658304 -0.678286
vn 0.425961 0.660342 -0.61847
vn 0.401062 0.294628 -0.867377
vn 0.057807 0.657964 -0.750828
vn 0.674456 0.665901 -0.31888
vn 0.780925 0.305216 -0.544976
vn 0.425961 0.660342 -0.61847
vn 0.742122 0.667753 0.05797
vn 0.945649 0.314282 -0.083511
vn 0.674456 0.665901 -0.31888
vn 0.742122 0.667753 0.05797
vn 0.0 1.0 0.000541
vn 0.616079 0.66531 0.421674
vn 0.616079 0.66531 0.421674
vn 0.0 1.0 0.000541
vn 0.328157 0.660948 0.674879
vn 0.328157 0.660948 0.674879
vn 0.0 1.0 0.000541
vn -0.060264 0.663836 0.745446
vn -0.060264 0.663836 0.745446
vn 0.0 1.0 0.000541
vn -0.423172 0.662137 0.618465
vn -0.423172 0.662137 0.618465
vn 0.0 1.0 0.000541
vn -0.67193 0.668597 0.318572
vn -0.67193 0.668597 0.318572
vn 0.0 1.0 0.000541
vn -0.743012 0.66692 -0.056128
vn -0.743012 0.66692 -0.056128
vn 0.0 1.0 0.000541
vn -0.619822 0.662456 -0.420681
vn -0.619822 0.662456 -0.420681
vn 0.0 1.0 0.000541
vn -0.326442 0.658304 -0.678286
vn -0.326442 0.658304 -0.678286
vn 0.0 1.0 0.000541
vn 0.057807 0.657964 -0.750828
vn 0.057807 0.657964 -0.750828
vn 0.0 1.0 0.000541
vn 0.425961 0.660342 -0.61847
vn 0.425961 0.660342 -0.61847
vn 0.0 1.0 0.000541
vn 0.674456 0.665901 -0.31888
vn 0.674456 0.665901 -0.31888
vn 0.0 1.0 0.000541
vn 0.742122 0.667753 0.05797
vn -0.6352 -0.012916 0.77224
vn -0.842641 -0.016611 0.53822
vn -0.747841 0.007467 0.663836
vn -0.6352 -0.012916 0.77224
vn -0.876935 -0.032932 0.479479
vn -0.842641 -0.016611 0.53822
vn 0.027237 0.965325 0.259625
vn 0.512274 0.385092 0.767646
vn 0.751733 0.275427 0.599197
vn -0.003176 0.999861 -0.016346
vn -0.044147 0.99902 -0.00333
vn -0.023233 0.998289 -0.05366
vn -0.044147 0.99902 -0.00333
vn 0.078984 0.94681 0.31195
vn 0.027237 0.965325 0.259625
vn 0.924738 0.000113 0.380604
vn 0.965933 0.000147 0.258791
vn 0.966326 -0.000065 0.257319
vn 0.996008 0.00032 0.089269
vn 0.96597 -0.000029 0.258652
vn 0.996138 0.0 -0.087796
vn 0.820188 0.016876 -0.571845
vn 0.575455 0.058032 -0.815772
vn 0.907727 0.0 -0.419561
vn 0.907727 0.0 -0.419561
vn 0.996138 0.0 -0.087796
vn 0.820188 0.016876 -0.571845
vn 0.966326 -0.000065 0.257319
vn 0.96597 -0.000029 0.258652
vn 0.891005 -0.000018 0.453993
vn 0.298428 0.934551 -0.193793
vn 0.425544 0.878524 -0.217042
vn 0.210787 0.973099 -0.092995
vn 0.924738 0.000113 0.380604
vn 0.966326 -0.000065 0.257319
vn 0.891005 -0.000018 0.453993
vn 0.631955 0.362788 -0.684849
vn 0.447037 0.252 -0.858286
vn 0.66639 0.184239 -0.722482
vn 0.992821 -0.022725 -0.117435
vn 0.952424 -0.043558 -0.301647
vn 0.994941 -0.026694 -0.096851
vn 0.00017 0.997899 0.06479
vn 0.0 0.997623 0.068904
vn 0.0 0.99711 0.075977
vn -0.009104 0.990035 -0.140529
vn -0.00007 0.970821 -0.239803
vn -0.298428 0.934551 -0.193793
vn -0.0 -0.0 1.0
vn 0.000742 0.691069 0.722788
vn -0.008772 -0.0 0.999962
vn -0.002467 0.839376 -0.543545
vn 0.0 0.369083 -0.929396
vn 0.16795 0.303499 -0.937913
vn -0.000063 0.93272 -0.360603
vn 0.16795 0.303499 -0.937913
vn 0.304819 0.645071 -0.700692
vn -0.209654 0.973432 -0.092061
vn -0.298428 0.934551 -0.193793
vn -0.00007 0.970821 -0.239803
vn 0.177862 0.772044 -0.610175
vn 0.009104 0.990035 -0.140529
vn -0.000063 0.93272 -0.360603
vn 0.346998 0.937741 -0.01533
vn 0.310403 0.950189 0.028113
vn 0.000307 0.999797 -0.020129
vn 0.000307 0.999797 -0.020129
vn 0.012543 0.998817 -0.046982
vn 0.346998 0.937741 -0.01533
vn 0.255443 0.965938 -0.041385
vn 0.346998 0.937741 -0.01533
vn 0.210787 0.973099 -0.092995
vn 0.0 0.369083 -0.929396
vn -0.011117 0.325583 -0.945448
vn 0.16795 0.303499 -0.937913
vn 0.0 -0.411768 0.911289
vn -0.0 -0.0 1.0
vn 0.000632 -0.406521 0.913641
vn 0.000307 0.999797 -0.020129
vn 0.310403 0.950189 0.028113
vn -0.001535 0.999859 0.016714
vn 0.001151 0.999444 0.033324
vn 0.000307 0.999797 -0.020129
vn -0.001535 0.999859 0.016714
vn 0.0 0.99711 0.075977
vn 0.001151 0.999444 0.033324
vn -0.001535 0.999859 0.016714
vn -0.872909 0.392961 0.289156
vn -0.895256 0.438371 -0.079673
vn -0.999107 -0.008955 -0.041301
vn -0.43691 0.564367 0.700428
vn -0.872909 0.392961 0.289156
vn -0.767406 -0.000023 0.641161
vn 0.109508 0.441283 0.890661
vn -0.43691 0.564367 0.700428
vn -0.176716 -0.015545 0.984139
vn 0.512274 0.385092 0.767646
vn 0.109508 0.441283 0.890661
vn 0.423267 -0.015384 0.905874
vn 0.751733 0.275427 0.599197
vn 0.512274 0.385092 0.767646
vn 0.820783 0.030601 0.570419
vn 0.631955 0.362788 -0.684849
vn 0.457245 0.713331 -0.531118
vn 0.304819 0.645071 -0.700692
vn -0.614645 0.33685 -0.713262
vn -0.399444 0.537039 -0.74299
vn -0.797586 -0.004613 -0.603188
vn -0.77471 0.61612 0.142197
vn -0.895256 0.438371 -0.079673
vn -0.872909 0.392961 0.289156
vn -0.433073 0.881558 0.187891
vn -0.77471 0.61612 0.142197
vn -0.872909 0.392961 0.289156
vn -0.246375 0.905093 0.346563
vn -0.247185 0.950812 0.186698
vn -0.43691 0.564367 0.700428
vn -0.07133 0.978068 0.195691
vn -0.246375 0.905093 0.346563
vn -0.43691 0.564367 0.700428
vn 0.078984 0.94681 0.31195
vn -0.041578 0.946854 0.318966
vn 0.109508 0.441283 0.890661
vn 0.274843 0.936565 -0.217501
vn 0.425544 0.878524 -0.217042
vn 0.298428 0.934551 -0.193793
vn 0.244508 0.909043 -0.337426
vn 0.274843 0.936565 -0.217501
vn 0.394201 0.793667 -0.463357
vn 0.200433 0.840446 -0.503465
vn 0.244508 0.909043 -0.337426
vn 0.417176 0.659736 -0.625069
vn 0.059619 0.898217 -0.43549
vn 0.200433 0.840446 -0.503465
vn 0.148546 0.86159 -0.485384
vn -0.068691 0.855194 -0.513736
vn 0.059619 0.898217 -0.43549
vn 0.027307 0.87091 -0.490684
vn -0.191059 0.86363 -0.466518
vn -0.068691 0.855194 -0.513736
vn -0.100881 0.875112 -0.473288
vn -0.197119 0.943063 -0.267911
vn -0.191059 0.86363 -0.466518
vn -0.343434 0.747505 -0.568586
vn -0.433073 0.881558 0.187891
vn -0.449952 0.891025 0.060141
vn -0.77471 0.61612 0.142197
vn -0.612456 -0.000614 -0.790504
vn -0.797586 -0.004613 -0.603188
vn -0.938824 -0.019053 -0.343871
vn -0.016837 0.99235 -0.122301
vn -0.11693 0.986925 -0.110931
vn -0.100881 0.875112 -0.473288
vn 0.991234 -0.036026 -0.127114
vn 0.992388 -0.008297 -0.12287
vn 0.992127 -0.038272 -0.119249
vn -0.997375 -0.017669 -0.07022
vn -0.999995 -0.002589 0.001813
vn -0.938824 -0.019053 -0.343871
vn -0.007261 0.999974 0.00027
vn -0.010194 0.999936 -0.005001
vn 0.001139 0.999906 -0.013664
vn -0.148676 0.988842 0.009369
vn 0.027237 0.965325 0.259625
vn -0.122615 0.992229 0.021142
vn -0.097107 0.992866 -0.069198
vn -0.044147 0.99902 -0.00333
vn -0.148676 0.988842 0.009369
vn 0.011834 0.990262 -0.138713
vn 0.254606 0.963908 -0.077832
vn -0.043846 0.991858 -0.119562
vn 0.050805 0.992283 -0.113105
vn 0.040207 0.989793 -0.136725
vn 0.011834 0.990262 -0.138713
vn 0.084635 0.995647 -0.039045
vn 0.069666 0.994741 -0.075085
vn 0.050805 0.992283 -0.113105
vn 0.512274 0.385092 0.767646
vn 0.078984 0.94681 0.31195
vn 0.109508 0.441283 0.890661
vn 0.512274 0.385092 0.767646
vn 0.027237 0.965325 0.259625
vn 0.078984 0.94681 0.31195
vn -0.044147 0.99902 -0.00333
vn -0.035162 0.99931 0.011931
vn -0.02197 0.999752 0.003567
vn 0.244508 0.909043 -0.337426
vn 0.0 1.0 0.0
vn 0.0 1.0 0.0
vn 0.0 1.0 0.0
vn -0.247185 0.950812 0.186698
vn -0.07133 0.978068 0.195691
vn -0.000227 0.997834 0.065777
vn 0.00017 0.997899 0.06479
vn 0.0 0.883394 0.46863
vn -0.018466 0.998487 -0.051795
vn -0.209654 0.973432 -0.092061
vn -0.016329 0.998785 -0.04649
vn 0.346998 0.937741 -0.01533
vn 0.169667 0.985355 -0.017017
vn 0.254606 0.963908 -0.077832
vn 0.255443 0.965938 -0.041385
vn 0.169667 0.985355 -0.017017
vn 0.346998 0.937741 -0.01533
vn 0.23915 0.005425 -0.970968
vn 0.575455 0.058032 -0.815772
vn 0.411596 0.020751 -0.91113
vn 0.411596 0.020751 -0.91113
vn 0.575455 0.058032 -0.815772
vn 0.820188 0.016876 -0.571845
vn 0.346998 0.937741 -0.01533
vn 0.254606 0.963908 -0.077832
vn 0.310403 0.950189 0.028113
vn 0.224521 -0.108562 -0.968403
vn 0.23915 0.005425 -0.970968
vn 0.411596 0.020751 -0.91113
vn -0.0 -0.138872 -0.99031
vn -0.208071 -0.109648 -0.971949
vn -0.180541 -0.047081 -0.98244
vn -0.797586 -0.004613 -0.603188
vn -0.997375 -0.017669 -0.07022
vn -0.938824 -0.019053 -0.343871
vn 0.612456 -0.000614 -0.790504
vn 0.614645 0.33685 -0.713262
vn 0.817515 0.0 -0.575907
vn 0.817515 0.0 -0.575907
vn 0.89374 0.326889 -0.3072
vn 0.943367 0.0 -0.33175
vn 0.89374 0.326889 -0.3072
vn 0.895256 0.438371 -0.079673
vn 0.999107 -0.008955 -0.041301
vn 0.999107 -0.008955 -0.041301
vn 0.872909 0.392961 0.289156
vn 0.767406 -0.000023 0.641161
vn 0.767406 -0.000023 0.641161
vn 0.43691 0.564367 0.700428
vn 0.176716 -0.015545 0.984139
vn 0.176716 -0.015545 0.984139
vn -0.10947 0.441223 0.890696
vn -0.423267 -0.015384 0.905874
vn -0.423267 -0.015384 0.905874
vn -0.511943 0.384912 0.767957
vn -0.820311 0.029741 0.571143
vn 0.872909 0.392961 0.289156
vn 0.309622 0.941323 0.134331
vn 0.288934 0.932144 0.21823
vn 0.43691 0.564367 0.700428
vn 0.085949 0.967994 0.235798
vn 0.041636 0.946855 0.318954
vn -0.344512 0.922191 -0.175713
vn -0.209654 0.973432 -0.092061
vn -0.298434 0.953203 -0.048388
vn -0.298428 0.934551 -0.193793
vn -0.274843 0.936565 -0.217501
vn -0.394201 0.793666 -0.463357
vn -0.394201 0.793666 -0.463357
vn -0.181991 0.950685 -0.251152
vn -0.532396 0.599732 -0.597391
vn -0.417177 0.659736 -0.625069
vn -0.200433 0.840446 -0.503465
vn -0.148538 0.861557 -0.485444
vn -0.148538 0.861557 -0.485444
vn -0.059695 0.898214 -0.435486
vn -0.027473 0.870874 -0.490737
vn -0.027473 0.870874 -0.490737
vn 0.057333 0.901075 -0.429856
vn 0.100807 0.875115 -0.4733
vn 0.100807 0.875115 -0.4733
vn 0.159816 0.906741 -0.390231
vn 0.343434 0.747505 -0.568586
vn 0.343434 0.747505 -0.568586
vn 0.338765 0.820515 -0.460427
vn 0.614645 0.33685 -0.713262
vn 0.614645 0.33685 -0.713262
vn 0.338765 0.820515 -0.460427
vn 0.256325 0.946221 -0.19739
vn 0.73629 0.461896 -0.494499
vn 0.256325 0.946221 -0.19739
vn 0.348924 0.925686 -0.146142
vn 0.89374 0.326889 -0.3072
vn 0.348924 0.925686 -0.146142
vn 0.37693 0.924961 -0.048697
vn 0.895256 0.438371 -0.079673
vn 0.37693 0.924961 -0.048697
vn 0.449952 0.891025 0.060141
vn 0.943367 0.0 -0.33175
vn 0.89374 0.326889 -0.3072
vn 0.999107 -0.008955 -0.041301
vn -0.869194 0.043984 0.49251
vn -0.881905 0.004851 0.471402
vn -0.820311 0.029741 0.571143
vn -0.271641 -0.025485 -0.962061
vn -0.179869 -0.04728 -0.982554
vn -0.207415 -0.109858 -0.972065
vn -0.207415 -0.109858 -0.972065
vn 0.000516 -0.138945 -0.9903
vn -0.179858 -0.215503 -0.959797
vn -0.025978 0.994194 -0.104416
vn -0.028677 0.994416 -0.101563
vn -0.281781 0.8164 -0.504074
vn -0.179869 -0.04728 -0.982554
vn 0.000516 -0.138945 -0.9903
vn -0.207415 -0.109858 -0.972065
vn -0.179869 -0.04728 -0.982554
vn 0.000518 -0.033095 -0.999452
vn 0.000516 -0.138945 -0.9903
vn 0.000516 -0.138945 -0.9903
vn 0.000539 -0.215132 -0.976585
vn -0.179858 -0.215503 -0.959797
vn -0.017757 0.992618 -0.119978
vn -0.025978 0.994194 -0.104416
vn -0.148538 0.861557 -0.485444
vn 0.000518 -0.033095 -0.999452
vn 0.180541 -0.047081 -0.98244
vn 0.000516 -0.138945 -0.9903
vn 0.016816 0.992353 -0.122278
vn -0.017757 0.992618 -0.119978
vn -0.027473 0.870874 -0.490737
vn 0.271641 -0.025485 -0.962061
vn 0.208071 -0.109648 -0.971949
vn 0.180541 -0.047081 -0.98244
vn 0.000516 -0.138945 -0.9903
vn 0.180872 -0.215464 -0.959615
vn 0.000539 -0.215132 -0.976585
vn 0.000516 -0.138945 -0.9903
vn 0.208071 -0.109648 -0.971949
vn 0.180872 -0.215464 -0.959615
vn -0.952424 -0.043558 -0.301647
vn -0.988917 -0.023484 -0.1466
vn -0.99282 -0.022725 -0.117436
vn -0.991234 -0.036026 -0.127114
vn -0.992388 -0.008297 -0.12287
vn -0.99282 -0.022725 -0.117436
vn 0.991818 -0.00338 -0.127614
vn 0.797586 -0.004613 -0.603188
vn 0.997375 -0.017669 -0.07022
vn -0.99282 -0.022725 -0.117436
vn -0.992388 -0.008297 -0.12287
vn -0.994941 -0.026694 -0.096851
vn -0.952424 -0.043558 -0.301647
vn -0.747484 0.226442 -0.624493
vn -0.988917 -0.023484 -0.1466
vn -0.281781 0.8164 -0.504074
vn -0.148538 0.861557 -0.485444
vn -0.025978 0.994194 -0.104416
vn -0.148538 0.861557 -0.485444
vn -0.027473 0.870874 -0.490737
vn -0.017757 0.992618 -0.119978
vn -0.027473 0.870874 -0.490737
vn 0.100807 0.875115 -0.4733
vn 0.016816 0.992353 -0.122278
vn 0.100807 0.875115 -0.4733
vn 0.274493 0.8411 -0.466052
vn 0.11693 0.986925 -0.110931
vn 0.11693 0.986925 -0.110931
vn 0.274493 0.8411 -0.466052
vn 0.285898 0.954599 -0.083685
vn -0.750793 0.275367 0.600403
vn -0.869194 0.043984 0.49251
vn -0.820311 0.029741 0.571143
vn -0.25437 0.963966 -0.077885
vn 0.019514 0.998361 -0.053798
vn -0.146426 0.989139 -0.012807
vn -0.965933 0.000147 0.258791
vn -0.966092 -0.000192 0.258199
vn -0.924738 0.000114 0.380604
vn -0.891006 -0.000018 0.453993
vn -0.573878 0.0 0.81894
vn -0.424246 0.0 0.905547
vn -0.424246 0.0 0.905547
vn -0.092602 0.0 0.995703
vn 0.090335 0.0 0.995911
vn 0.090335 0.0 0.995911
vn 0.434134 0.0 0.900848
vn 0.6352 -0.012916 0.77224
vn 0.6352 -0.012916 0.77224
vn 0.434134 0.0 0.900848
vn 0.747841 0.007467 0.663836
vn -0.092871 0.995642 0.008502
vn -0.08446 0.995644 0.039493
vn -0.075631 0.995664 0.054163
vn -0.075631 0.995664 0.054163
vn -0.053239 0.995638 0.076624
vn -0.039883 0.995603 0.084757
vn -0.039883 0.995603 0.084757
vn -0.009242 0.995645 0.092771
vn 0.008156 0.995672 0.09258
vn 0.008156 0.995672 0.09258
vn 0.040028 0.995639 0.084267
vn 0.054195 0.995637 0.075956
vn 0.054195 0.995637 0.075956
vn 0.090763 0.995465 0.028497
vn 0.122914 0.992203 0.020616
vn -0.027046 0.965303 0.259729
vn 0.122914 0.992203 0.020616
vn 0.090763 0.995465 0.028497
vn 0.051435 0.99867 -0.003495
vn 0.148676 0.988842 0.009369
vn -0.027046 0.965303 0.259729
vn 0.097911 0.992804 -0.06895
vn 0.019514 0.998361 -0.053798
vn 0.044333 0.991862 -0.119346
vn -0.25437 0.963966 -0.077885
vn 0.044333 0.991862 -0.119346
vn 0.019514 0.998361 -0.053798
vn -0.040475 0.989795 -0.136633
vn -0.012551 0.990275 -0.138557
vn -0.25437 0.963966 -0.077885
vn -0.069239 0.994725 -0.07568
vn -0.050662 0.992242 -0.113533
vn -0.040475 0.989795 -0.136633
vn -0.084332 0.995652 -0.03957
vn -0.092945 0.995638 -0.008083
vn -0.092871 0.995642 0.008502
vn -0.995772 0.0 0.091861
vn -0.903963 0.0 0.42761
vn -0.810557 0.0 0.58566
vn -0.810557 0.0 0.58566
vn -0.572196 0.0 0.820117
vn -0.432274 0.0 0.901742
vn -0.432274 0.0 0.901742
vn -0.100913 0.0 0.994895
vn 0.093744 0.0 0.995596
vn 0.093744 0.0 0.995596
vn 0.433196 0.0 0.9013
vn 0.58033 0.0 0.814382
vn 0.58033 0.0 0.814382
vn 0.817708 0.0 0.575633
vn 0.906455 0.0 0.422303
vn 0.906455 0.0 0.422303
vn 0.995772 0.0 0.091861
vn 0.99636 0.0 -0.085247
vn 0.99636 0.0 -0.085247
vn 0.908345 0.0 -0.418222
vn 0.81894 0.0 -0.573879
vn 0.81894 0.0 -0.573879
vn 0.573879 0.0 -0.81894
vn 0.418222 0.0 -0.908345
vn 0.418222 0.0 -0.908345
vn 0.085247 0.0 -0.99636
vn -0.091861 0.0 -0.995772
vn -0.091861 0.0 -0.995772
vn -0.416969 0.0 -0.908921
vn -0.565529 0.0 -0.824729
vn -0.565529 0.0 -0.824729
vn -0.811807 0.0 -0.583926
vn -0.905879 0.0 -0.423536
vn -0.905879 0.0 -0.423536
vn -0.99636 0.0 -0.085247
vn -0.995772 0.0 0.091861
vn -0.742122 0.667753 0.05797
vn -0.858804 0.3185 0.401265
vn -0.616079 0.66531 0.421674
vn -0.616079 0.66531 0.421674
vn -0.55076 0.302837 0.777788
vn -0.328157 0.660948 0.674879
vn -0.328157 0.660948 0.674879
vn -0.084179 0.308509 0.94749
vn 0.060264 0.663836 0.745446
vn 0.060264 0.663836 0.745446
vn 0.404207 0.300509 0.863893
vn 0.426092 0.65996 0.618788
vn 0.426092 0.65996 0.618788
vn 0.780339 0.305182 0.545835
vn 0.67397 0.665547 0.320644
vn 0.67397 0.665547 0.320644
vn 0.945331 0.314354 0.086777
vn 0.742368 0.667706 -0.055294
vn 0.742368 0.667706 -0.055294
vn 0.85972 0.318598 -0.399221
vn 0.616411 0.665618 -0.420702
vn 0.616411 0.665618 -0.420702
vn 0.547586 0.302942 -0.779985
vn 0.326442 0.658304 -0.678286
vn 0.326442 0.658304 -0.678286
vn 0.084047 0.295158 -0.951745
vn -0.057807 0.657964 -0.750828
vn -0.057807 0.657964 -0.750828
vn -0.401062 0.294628 -0.867377
vn -0.425961 0.660342 -0.61847
vn -0.425961 0.660342 -0.61847
vn -0.780925 0.305216 -0.544977
vn -0.674456 0.665901 -0.31888
vn -0.674456 0.665901 -0.31888
vn -0.945649 0.314282 -0.083511
vn -0.742122 0.667753 0.05797
vn -0.616079 0.66531 0.421674
vn -0.0 1.0 0.000541
vn -0.742122 0.667753 0.05797
vn -0.328157 0.660948 0.674879
vn -0.0 1.0 0.000541
vn -0.616079 0.66531 0.421674
vn 0.060264 0.663836 0.745446
vn -0.0 1.0 0.000541
vn -0.328157 0.660948 0.674879
vn 0.426092 0.65996 0.618788
vn -0.0 1.0 0.000541
vn 0.060264 0.663836 0.745446
vn 0.67397 0.665547 0.320644
vn -0.0 1.0 0.000541
vn 0.426092 0.65996 0.618788
vn 0.742368 0.667706 -0.055294
vn -0.0 1.0 0.000541
vn 0.67397 0.665547 0.320644
vn 0.616411 0.665618 -0.420702
vn -0.0 1.0 0.000541
vn 0.742368 0.667706 -0.055294
vn 0.326442 0.658304 -0.678286
vn -0.0 1.0 0.000541
vn 0.616411 0.665618 -0.420702
vn -0.057807 0.657964 -0.750828
vn -0.0 1.0 0.000541
vn 0.326442 0.658304 -0.678286
vn -0.425961 0.660342 -0.61847
vn -0.0 1.0 0.000541
vn -0.057807 0.657964 -0.750828
vn -0.674456 0.665901 -0.31888
vn -0.0 1.0 0.000541
vn -0.425961 0.660342 -0.61847
vn -0.742122 0.667753 0.05797
vn -0.0 1.0 0.000541
vn -0.674456 0.665901 -0.31888
vn 0.747841 0.007467 0.663836
vn 0.842641 -0.016611 0.53822
vn 0.6352 -0.012916 0.77224
vn 0.842641 -0.016611 0.53822
vn 0.876935 -0.032932 0.479478
vn 0.6352 -0.012916 0.77224
vn -0.750793 0.275367 0.600403
vn -0.511943 0.384912 0.767957
vn -0.027046 0.965303 0.259729
vn 0.051435 0.99867 -0.003495
vn 0.008325 0.999924 0.009074
vn 0.019514 0.998361 -0.053798
vn -0.027046 0.965303 0.259729
vn -0.056762 0.968613 0.242006
vn 0.051435 0.99867 -0.003495
vn -0.966326 -0.000065 0.257319
vn -0.965933 0.000147 0.258791
vn -0.924738 0.000114 0.380604
vn -0.996138 0.0 -0.087796
vn -0.965971 -0.000029 0.258652
vn -0.996008 0.00032 0.089269
vn -0.906905 0.0 -0.421335
vn -0.574255 0.081362 -0.814623
vn -0.819355 0.034171 -0.572268
vn -0.819355 0.034171 -0.572268
vn -0.996138 0.0 -0.087796
vn -0.906905 0.0 -0.421335
vn -0.891006 -0.000018 0.453993
vn -0.965971 -0.000029 0.258652
vn -0.966326 -0.000065 0.257319
vn -0.209654 0.973432 -0.092061
vn -0.344512 0.922191 -0.175713
vn -0.298428 0.934551 -0.193793
vn -0.891006 -0.000018 0.453993
vn -0.966326 -0.000065 0.257319
vn -0.924738 0.000114 0.380604
vn -0.66639 0.18424 -0.722482
vn -0.447037 0.251999 -0.858286
vn -0.631955 0.362788 -0.684849
vn -0.994941 -0.026694 -0.096851
vn -0.952424 -0.043558 -0.301647
vn -0.99282 -0.022725 -0.117436
vn -0.00007 0.970821 -0.239803
vn 0.298428 0.934551 -0.193793
vn 0.210787 0.973099 -0.092995
vn 0.008772 -0.0 0.999962
vn -0.000742 0.691069 0.722788
vn -0.0 -0.0 1.0
vn -0.16795 0.3035 -0.937913
vn 0.0 0.369083 -0.929396
vn -0.002467 0.839376 -0.543545
vn -0.304819 0.645071 -0.700692
vn -0.16795 0.3035 -0.937913
vn -0.000063 0.93272 -0.360603
vn 0.009104 0.990035 -0.140529
vn 0.328919 0.862445 -0.384708
vn 0.298428 0.934551 -0.193793
vn -0.009104 0.990035 -0.140529
vn -0.394201 0.793666 -0.463357
vn -0.177862 0.772044 -0.610175
vn 0.000307 0.999797 -0.020129
vn -0.31037 0.950216 0.027557
vn -0.345405 0.938419 -0.008011
vn -0.345405 0.938419 -0.008011
vn -0.009567 0.999283 -0.036634
vn -0.013568 0.999379 -0.032519
vn -0.209654 0.973432 -0.092061
vn -0.345405 0.938419 -0.008011
vn -0.298434 0.953203 -0.048388
vn -0.16795 0.3035 -0.937913
vn 0.011117 0.325583 -0.945448
vn 0.0 0.369083 -0.929396
vn -0.000632 -0.406521 0.913641
vn -0.0 -0.0 1.0
vn 0.0 -0.411768 0.911289
vn 0.001151 0.999444 0.033324
vn -0.31037 0.950216 0.027557
vn 0.000307 0.999797 -0.020129
vn 0.999107 -0.008955 -0.041301
vn 0.895256 0.438371 -0.079673
vn 0.872909 0.392961 0.289156
vn 0.767406 -0.000023 0.641161
vn 0.872909 0.392961 0.289156
vn 0.43691 0.564367 0.700428
vn 0.176716 -0.015545 0.984139
vn 0.43691 0.564367 0.700428
vn -0.10947 0.441223 0.890696
vn -0.423267 -0.015384 0.905874
vn -0.10947 0.441223 0.890696
vn -0.511943 0.384912 0.767957
vn -0.820311 0.029741 0.571143
vn -0.511943 0.384912 0.767957
vn -0.750793 0.275367 0.600403
vn -0.304819 0.645071 -0.700692
vn -0.457245 0.71333 -0.531118
vn -0.631955 0.362788 -0.684849
vn 0.797586 -0.004613 -0.603188
vn 0.399444 0.537039 -0.74299
vn 0.614645 0.33685 -0.713262
vn 0.872909 0.392961 0.289156
vn 0.895256 0.438371 -0.079673
vn 0.77471 0.61612 0.142197
vn 0.872909 0.392961 0.289156
vn 0.77471 0.61612 0.142197
vn 0.309622 0.941323 0.134331
vn 0.43691 0.564367 0.700428
vn 0.288934 0.932144 0.21823
vn 0.123035 0.977195 0.173066
vn 0.43691 0.564367 0.700428
vn 0.123035 0.977195 0.173066
vn 0.085949 0.967994 0.235798
vn -0.10947 0.441223 0.890696
vn 0.041636 0.946855 0.318954
vn -0.056762 0.968613 0.242006
vn -0.298428 0.934551 -0.193793
vn -0.344512 0.922191 -0.175713
vn -0.274843 0.936565 -0.217501
vn -0.394201 0.793666 -0.463357
vn -0.274843 0.936565 -0.217501
vn -0.181991 0.950685 -0.251152
vn -0.417177 0.659736 -0.625069
vn -0.181991 0.950685 -0.251152
vn -0.200433 0.840446 -0.503465
vn -0.148538 0.861557 -0.485444
vn -0.200433 0.840446 -0.503465
vn -0.059695 0.898214 -0.435486
vn -0.027473 0.870874 -0.490737
vn -0.059695 0.898214 -0.435486
vn 0.057333 0.901075 -0.429856
vn 0.100807 0.875115 -0.4733
vn 0.057333 0.901075 -0.429856
vn 0.159816 0.906741 -0.390231
vn 0.343434 0.747505 -0.568586
vn 0.159816 0.906741 -0.390231
vn 0.338765 0.820515 -0.460427
vn 0.77471 0.61612 0.142197
vn 0.449952 0.891025 0.060141
vn 0.309622 0.941323 0.134331
vn 0.938824 -0.019053 -0.343871
vn 0.797586 -0.004613 -0.603188
vn 0.612456 -0.000614 -0.790504
vn 0.100807 0.875115 -0.4733
vn 0.11693 0.986925 -0.110931
vn 0.016816 0.992353 -0.122278
vn -0.992127 -0.038272 -0.119248
vn -0.992388 -0.008297 -0.12287
vn -0.991234 -0.036026 -0.127114
vn 0.938824 -0.019053 -0.343871
vn 0.999995 -0.002589 0.001813
vn 0.997375 -0.017669 -0.07022
vn 0.019514 0.998361 -0.053798
vn 0.000414 0.999717 -0.023788
vn -0.146426 0.989139 -0.012807
vn 0.122914 0.992203 0.020616
vn -0.027046 0.965303 0.259729
vn 0.148676 0.988842 0.009369
vn 0.148676 0.988842 0.009369
vn 0.051435 0.99867 -0.003495
vn 0.097911 0.992804 -0.06895
vn 0.044333 0.991862 -0.119346
vn -0.25437 0.963966 -0.077885
vn -0.012551 0.990275 -0.138557
vn -0.012551 0.990275 -0.138557
vn -0.040475 0.989795 -0.136633
vn -0.050662 0.992242 -0.113533
vn -0.050662 0.992242 -0.113533
vn -0.069239 0.994725 -0.07568
vn -0.084332 0.995652 -0.03957
vn -0.10947 0.441223 0.890696
vn -0.056762 0.968613 0.242006
vn -0.511943 0.384912 0.767957
vn -0.056762 0.968613 0.242006
vn -0.027046 0.965303 0.259729
vn -0.511943 0.384912 0.767957
vn 0.0 1.0 0.0
vn 0.008325 0.999924 0.009074
vn 0.021035 0.999776 0.002402
vn 0.159816 0.906741 -0.390231
vn 0.0 1.0 0.0
vn 0.256325 0.946221 -0.19739
vn 0.37693 0.924961 -0.048697
vn 0.0 1.0 0.0
vn 0.449952 0.891025 0.060141
vn -0.000742 0.691069 0.722788
vn -0.000227 0.997834 0.065777
vn 0.0 0.883394 0.46863
vn 0.000307 0.999797 -0.020129
vn 0.021454 0.997918 -0.060824
vn 0.013377 0.999174 -0.038365
vn -0.25437 0.963966 -0.077885
vn -0.146426 0.989139 -0.012807
vn -0.345405 0.938419 -0.008011
vn -0.345405 0.938419 -0.008011
vn -0.146426 0.989139 -0.012807
vn -0.298434 0.953203 -0.048388
vn -0.412516 0.044287 -0.909873
vn -0.574255 0.081362 -0.814623
vn -0.240151 0.014255 -0.970631
vn -0.819355 0.034171 -0.572268
vn -0.574255 0.081362 -0.814623
vn -0.412516 0.044287 -0.909873
vn -0.31037 0.950216 0.027557
vn -0.25437 0.963966 -0.077885
vn -0.345405 0.938419 -0.008011
vn -0.412516 0.044287 -0.909873
vn -0.240151 0.014255 -0.970631
vn -0.224522 -0.108561 -0.968403
vn 0.180541 -0.047081 -0.98244
vn 0.208071 -0.109648 -0.971949
vn 0.000516 -0.138945 -0.9903
vn 0.938824 -0.019053 -0.343871
vn 0.997375 -0.017669 -0.07022
vn 0.797586 -0.004613 -0.603188
vn 0.177862 0.772044 -0.610175
vn 0.394201 0.793667 -0.463357
vn 0.009104 0.990035 -0.140529
vn -0.177862 0.772044 -0.610175
vn -0.000063 0.93272 -0.360603
vn -0.009104 0.990035 -0.140529
vn 0.118375 0.0 -0.992969
vn 0.176939 0.0 -0.984222
vn 0.176939 0.0 -0.984222
vn 0.006528 0.999492 -0.031188
vn 0.006324 0.999448 -0.032614
vn 0.004216 0.999439 -0.03323
vn -0.059188 0.0 -0.998247
vn 0.118375 0.0 -0.992969
vn 0.059188 0.0 -0.998247
vn -0.00306 0.999409 -0.034251
vn -0.003162 0.999432 -0.033538
vn 0.00204 0.999409 -0.034321
vn -0.176939 0.0 -0.984222
vn -0.059188 0.0 -0.998247
vn -0.118375 0.0 -0.992969
vn 0.986494 -0.001067 0.163791
vn 0.986494 -0.001067 0.163791
vn 0.987241 0.0 0.159232
vn -0.987223 -0.002824 0.159321
vn -0.986491 -0.001412 0.16381
vn -0.986491 -0.001412 0.16381
vn 0.985726 -0.002133 0.168347
vn 0.986494 -0.001067 0.163791
vn 0.986494 -0.001067 0.163791
vn -0.006324 0.999448 -0.032614
vn -0.006528 0.999492 -0.031188
vn -0.003162 0.999432 -0.033538
vn 0.00204 0.999409 -0.034321
vn 0.004216 0.999439 -0.03323
vn 0.006324 0.999448 -0.032614
vn -0.006324 0.999448 -0.032614
vn -0.003162 0.999432 -0.033538
vn -0.00306 0.999409 -0.034251
vn -0.985737 0.0 0.168296
vn -0.986491 -0.001412 0.16381
vn -0.986491 -0.001412 0.16381
vn -0.176939 0.0 -0.984222
vn -0.176939 0.0 -0.984222
vn -0.118375 0.0 -0.992969
vn -0.004216 0.999439 -0.03323
vn -0.006324 0.999448 -0.032614
vn -0.006528 0.999492 -0.031188
vn -0.059188 0.0 -0.998247
vn -0.118375 0.0 -0.992969
vn 0.059188 0.0 -0.998247
vn -0.00204 0.999409 -0.034321
vn 0.003162 0.999432 -0.033538
vn 0.00306 0.999409 -0.034251
vn 0.118375 0.0 -0.992969
vn 0.059188 0.0 -0.998247
vn 0.176939 0.0 -0.984222
vn -0.987241 0.0 0.159233
vn -0.986494 -0.001067 0.163792
vn -0.986494 -0.001067 0.163792
vn 0.986491 -0.001412 0.16381
vn 0.986491 -0.001412 0.16381
vn 0.987223 -0.002824 0.159321
vn -0.986494 -0.001067 0.163792
vn -0.986494 -0.001067 0.163792
vn -0.985726 -0.002133 0.168347
vn 0.003162 0.999432 -0.033538
vn 0.006528 0.999492 -0.031188
vn 0.006324 0.999448 -0.032614
vn -0.006324 0.999448 -0.032614
vn -0.004216 0.999439 -0.03323
vn -0.00204 0.999409 -0.034321
vn 0.00306 0.999409 -0.034251
vn 0.003162 0.999432 -0.033538
vn 0.006324 0.999448 -0.032614
vn 0.986491 -0.001412 0.16381
vn 0.986491 -0.001412 0.16381
vn 0.985737 0.0 0.168296
vn -0.274843 0.936565 -0.217501
vn 0.0 1.0 0.0
vn -0.181991 0.950685 -0.251152
vn 0.0 1.0 0.0
vn -0.274843 0.936565 -0.217501
vn -0.344512 0.922191 -0.175713
vn -0.298434 0.953203 -0.048388
vn 0.0 1.0 0.0
vn -0.344512 0.922191 -0.175713
vn -0.298434 0.953203 -0.048388
vn 0.0 1.0 0.0
vn 0.0 1.0 0.0
vn -0.146426 0.989139 -0.012807
vn 0.0 1.0 0.0
vn -0.298434 0.953203 -0.048388
vn -0.146426 0.989139 -0.012807
vn 0.0 1.0 0.0
vn 0.0 1.0 0.0
vn 0.0 1.0 0.0
vn 0.0 1.0 0.0
vn -0.146426 0.989139 -0.012807
vn 0.020017 0.999177 0.035284
vn 0.000414 0.999717 -0.023788
vn 0.019514 0.998361 -0.053798
vn 0.008325 0.999924 0.009074
vn 0.0 1.0 0.0
vn -0.001192 0.999915 -0.013004
vn 0.008325 0.999924 0.009074
vn -0.001192 0.999915 -0.013004
vn 0.036339 0.996284 0.078082
vn 0.008325 0.999924 0.009074
vn 0.020017 0.999177 0.035284
vn 0.019514 0.998361 -0.053798
vn 0.008325 0.999924 0.009074
vn 0.036339 0.996284 0.078082
vn 0.020017 0.999177 0.035284
vn 0.0 1.0 0.0
vn 0.0 1.0 0.0
vn 0.348924 0.925686 -0.146142
vn 0.449952 0.891025 0.060141
vn 0.0 1.0 0.0
vn 0.309622 0.941323 0.134331
vn 0.0 1.0 0.0
vn 0.008325 0.999924 0.009074
vn 0.0 1.0 0.0
vn 0.0 1.0 0.0
vn 0.0 1.0 0.0
vn 0.008325 0.999924 0.009074
vn 0.0 1.0 0.0
vn 0.0 1.0 0.0
vn 0.008325 0.999924 0.009074
vn 0.0 1.0 0.0
vn 0.0 1.0 0.0
vn 0.0 1.0 0.0
vn 0.288934 0.932144 0.21823
vn 0.0 1.0 0.0
vn 0.123035 0.977195 0.173066
vn 0.0 1.0 0.0
vn 0.288934 0.932144 0.21823
vn 0.309622 0.941323 0.134331
vn 0.0 1.0 0.0
vn 0.0 1.0 0.0
vn 0.309622 0.941323 0.134331
vn 0.0 1.0 0.0
vn 0.0 1.0 0.0
vn 0.309622 0.941323 0.134331
vn -0.059695 0.898214 -0.435486
vn 0.0 1.0 0.0
vn 0.057333 0.901075 -0.429856
vn 0.0 1.0 0.0
vn -0.059695 0.898214 -0.435486
vn -0.200433 0.840446 -0.503465
vn -0.181991 0.950685 -0.251152
vn 0.0 1.0 0.0
vn -0.200433 0.840446 -0.503465
vn -0.181991 0.950685 -0.251152
vn 0.0 1.0 0.0
vn 0.0 1.0 0.0
vn 0.0 1.0 0.0
vn -0.181991 0.950685 -0.251152
vn 0.0 1.0 0.0
vn 0.0 1.0 0.0
vn 0.0 1.0 0.0
vn 0.0 1.0 0.0
vn 0.0 1.0 0.0
vn 0.0 1.0 0.0
vn 0.0 1.0 0.0
vn 0.0 1.0 0.0
vn 0.0 1.0 0.0
vn 0.0 1.0 0.0
vn 0.0 1.0 0.0
vn 0.0 1.0 0.0
vn 0.0 1.0 0.0
vn 0.0 1.0 0.0
vn 0.0 1.0 0.0
vn 0.0 1.0 0.0
vn 0.008325 0.999924 0.009074
vn 0.0 1.0 0.0
vn 0.0 1.0 0.0
vn 0.041636 0.946855 0.318954
vn 0.0 1.0 0.0
vn 0.0 1.0 0.0
vn 0.123035 0.977195 0.173066
vn 0.0 1.0 0.0
vn 0.085949 0.967994 0.235798
vn 0.0 1.0 0.0
vn 0.0 1.0 0.0
vn 0.008325 0.999924 0.009074
vn 0.0 1.0 0.0
vn -0.056762 0.968613 0.242006
vn 0.041636 0.946855 0.318954
vn 0.051435 0.99867 -0.003495
vn 0.021035 0.999776 0.002402
vn 0.008325 0.999924 0.009074
vn 0.051435 0.99867 -0.003495
vn 0.027873 0.999609 -0.002012
vn 0.021035 0.999776 0.002402
vn -0.056762 0.968613 0.242006
vn 0.027873 0.999609 -0.002012
vn 0.051435 0.99867 -0.003495
vn -0.056762 0.968613 0.242006
vn 0.020585 0.999787 0.001322
vn 0.027873 0.999609 -0.002012
vn 0.0 1.0 0.0
vn 0.020585 0.999787 0.001322
vn -0.056762 0.968613 0.242006
vn 0.0 1.0 0.0
vn 0.0 1.0 0.0
vn 0.085949 0.967994 0.235798
vn 0.0 1.0 0.0
vn 0.0 1.0 0.0
vn -0.007261 0.999974 0.00027
vn -0.433073 0.881558 0.187891
vn 0.0 1.0 0.0
vn -0.449952 0.891025 0.060141
vn -0.007261 0.999974 0.00027
vn 0.0 1.0 0.0
vn 0.0 1.0 0.0
vn -0.358534 0.891753 -0.276099
vn 0.0 1.0 0.0
vn -0.197119 0.943063 -0.267911
vn -0.298469 0.946197 -0.125009
vn 0.0 1.0 0.0
vn 0.0 1.0 0.0
vn 0.0 1.0 0.0
vn 0.0 1.0 0.0
vn -0.298469 0.946197 -0.125009
vn -0.007261 0.999974 0.00027
vn 0.0 1.0 0.0
vn 0.0 1.0 0.0
vn -0.37693 0.924961 -0.048697
vn 0.0 1.0 0.0
vn -0.298469 0.946197 -0.125009
vn 0.0 1.0 0.0
vn -0.37693 0.924961 -0.048697
vn -0.449952 0.891025 0.060141
vn -0.023233 0.998289 -0.05366
vn 0.001266 0.999663 -0.025925
vn -0.003176 0.999861 -0.016346
vn -0.044147 0.99902 -0.00333
vn -0.008774 0.999959 -0.002196
vn -0.007261 0.999974 0.00027
vn 0.169667 0.985355 -0.017017
vn 0.001266 0.999663 -0.025925
vn -0.023233 0.998289 -0.05366
vn 0.001139 0.999906 -0.013664
vn 0.0 1.0 0.0
vn -0.007261 0.999974 0.00027
vn 0.244508 0.909043 -0.337426
vn 0.0 1.0 0.0
vn 0.274843 0.936565 -0.217501
vn 0.0 1.0 0.0
vn 0.255443 0.965938 -0.041385
vn 0.274843 0.936565 -0.217501
vn -0.007261 0.999974 0.00027
vn -0.008774 0.999959 -0.002196
vn -0.010194 0.999936 -0.005001
vn 0.255443 0.965938 -0.041385
vn 0.0 1.0 0.0
vn 0.169667 0.985355 -0.017017
vn 0.169667 0.985355 -0.017017
vn 0.001141 0.999932 -0.011626
vn 0.001266 0.999663 -0.025925
vn 0.169667 0.985355 -0.017017
vn 0.0 1.0 0.0
vn 0.001141 0.999932 -0.011626
vn 0.059619 0.898217 -0.43549
vn 0.0 1.0 0.0
vn 0.200433 0.840446 -0.503465
vn 0.0 1.0 0.0
vn 0.0 1.0 0.0
vn 0.0 1.0 0.0
vn 0.0 1.0 0.0
vn -0.007261 0.999974 0.00027
vn 0.0 1.0 0.0
vn 0.0 1.0 0.0
vn 0.0 1.0 0.0
vn 0.0 1.0 0.0
vn 0.0 1.0 0.0
vn 0.0 1.0 0.0
vn -0.197119 0.943063 -0.267911
vn 0.0 1.0 0.0
vn 0.0 1.0 0.0
vn -0.197119 0.943063 -0.267911
vn -0.191059 0.86363 -0.466518
vn 0.0 1.0 0.0
vn -0.068691 0.855194 -0.513736
vn 0.0 1.0 0.0
vn 0.059619 0.898217 -0.43549
vn -0.068691 0.855194 -0.513736
vn -0.007261 0.999974 0.00027
vn -0.035162 0.99931 0.011931
vn -0.044147 0.99902 -0.00333
vn -0.044147 0.99902 -0.00333
vn -0.02197 0.999752 0.003567
vn 0.078984 0.94681 0.31195
vn -0.007261 0.999974 0.00027
vn -0.011332 0.999934 0.002
vn -0.035162 0.99931 0.011931
vn 0.0 1.0 0.0
vn -0.041578 0.946854 0.318966
vn 0.078984 0.94681 0.31195
vn -0.007261 0.999974 0.00027
vn 0.0 1.0 0.0
vn -0.011332 0.999934 0.002
vn -0.041578 0.946854 0.318966
vn 0.0 1.0 0.0
vn -0.07133 0.978068 0.195691
vn 0.078984 0.94681 0.31195
vn -0.02197 0.999752 0.003567
vn 0.0 1.0 0.0
vn 0.000307 0.999797 -0.020129
vn 0.013377 0.999174 -0.038365
vn 0.006574 0.999721 -0.022709
vn 0.346998 0.937741 -0.01533
vn 0.009108 0.999268 -0.037143
vn 0.210787 0.973099 -0.092995
vn 0.210787 0.973099 -0.092995
vn 0.00989 0.999129 -0.040532
vn 0.023515 0.997545 -0.065957
vn 0.210787 0.973099 -0.092995
vn 0.021454 0.997918 -0.060824
vn -0.00007 0.970821 -0.239803
vn 0.210787 0.973099 -0.092995
vn 0.023515 0.997545 -0.065957
vn 0.021454 0.997918 -0.060824
vn 0.000307 0.999797 -0.020129
vn 0.006574 0.999721 -0.022709
vn 0.012543 0.998817 -0.046982
vn 0.009108 0.999268 -0.037143
vn 0.00989 0.999129 -0.040532
vn 0.210787 0.973099 -0.092995
vn -0.999278 0.037983 -0.000812
vn -0.999593 0.028537 0.0
vn -0.999258 0.03851 -0.000812
vn -0.209654 0.973432 -0.092061
vn -0.009567 0.999283 -0.036634
vn -0.345405 0.938419 -0.008011
vn -0.345405 0.938419 -0.008011
vn -0.013568 0.999379 -0.032519
vn 0.000307 0.999797 -0.020129
vn -0.209654 0.973432 -0.092061
vn -0.018466 0.998487 -0.051795
vn -0.015639 0.998671 -0.049107
vn 0.000307 0.999797 -0.020129
vn -0.016329 0.998785 -0.04649
vn -0.000063 0.93272 -0.360603
vn 0.000307 0.999797 -0.020129
vn -0.013568 0.999379 -0.032519
vn -0.008365 0.999534 -0.029371
vn 0.000307 0.999797 -0.020129
vn -0.007904 0.999711 -0.022707
vn -0.016329 0.998785 -0.04649
vn -0.209654 0.973432 -0.092061
vn -0.015639 0.998671 -0.049107
vn -0.009567 0.999283 -0.036634
vn 0.000307 0.999797 -0.020129
vn -0.008365 0.999534 -0.029371
vn -0.007904 0.999711 -0.022707
vn 0.987822 0.049175 -0.147614
vn 0.798554 0.05278 -0.599604
vn 0.979735 0.053478 0.193025
vn 0.798554 0.05278 -0.599604
vn 0.604265 0.052778 -0.795034
vn 0.135991 0.054274 -0.989222
vn -0.138136 0.054196 -0.988929
vn -0.605024 0.052708 -0.794461
vn 0.135991 0.054274 -0.989222
vn -0.605024 0.052708 -0.794461
vn -0.797256 0.052775 -0.60133
vn -0.998811 0.048736 0.001046
vn -0.998811 0.048736 0.001046
vn -0.924103 0.044312 0.379565
vn -0.799413 0.051023 0.598611
vn -0.799413 0.051023 0.598611
vn -0.605413 0.053199 0.794132
vn -0.136292 0.055162 0.989132
vn 0.137853 0.055621 0.98889
vn 0.604982 0.054091 0.7944
vn -0.136292 0.055162 0.989132
vn 0.604982 0.054091 0.7944
vn 0.794885 0.059111 0.603873
vn 0.979735 0.053478 0.193025
vn 0.071247 0.997459 0.0
vn 0.050586 0.997459 -0.050164
vn -0.0 1.0 0.0
vn 0.050586 0.997459 -0.050164
vn 0.0 0.997459 -0.071247
vn -0.0 1.0 0.0
vn 0.0 0.997459 -0.071247
vn -0.050586 0.997459 -0.050164
vn -0.0 1.0 0.0
vn -0.050586 0.997459 -0.050164
vn -0.071247 0.997459 0.0
vn -0.0 1.0 0.0
vn -0.071247 0.997459 0.0
vn -0.050586 0.997459 0.050164
vn -0.0 1.0 0.0
vn -0.050586 0.997459 0.050164
vn 0.0 0.997459 0.071247
vn -0.0 1.0 0.0
vn 0.0 0.997459 0.071247
vn 0.050586 0.997459 0.050164
vn -0.0 1.0 0.0
vn 0.050586 0.997459 0.050164
vn 0.071247 0.997459 0.0
vn -0.0 1.0 0.0
vn 0.998801 0.048962 0.0
vn 0.708131 0.053396 -0.704059
vn 0.998688 0.051215 0.0
vn 0.708131 0.053396 -0.704059
vn 0.379632 0.051414 -0.923708
vn 0.13258 0.051604 -0.989828
vn 0.13258 0.051604 -0.989828
vn -0.141225 0.054167 -0.988495
vn -0.694847 0.0531 -0.717195
vn -0.67986 0.054933 -0.731281
vn -0.914952 0.046921 -0.400827
vn -0.694847 0.0531 -0.717195
vn -0.989522 0.049253 0.13572
vn -0.798554 0.052781 0.599604
vn -0.989594 0.050749 -0.134638
vn -0.798554 0.052781 0.599604
vn -0.604264 0.052779 0.795034
vn -0.135991 0.054276 0.989222
vn 0.138136 0.054197 0.988929
vn 0.707955 0.052764 0.704284
vn -0.135991 0.054276 0.989222
vn 0.707955 0.052764 0.704284
vn 0.706166 0.054309 0.705961
vn 0.998801 0.048962 0.0
vn 0.071247 0.997459 0.0
vn 0.050586 0.997459 -0.050164
vn 0.0 1.0 0.0
vn 0.050586 0.997459 -0.050164
vn 0.0 0.997459 -0.071247
vn 0.0 1.0 0.0
vn 0.0 0.997459 -0.071247
vn -0.050586 0.997459 -0.050164
vn 0.0 1.0 0.0
vn -0.050586 0.997459 -0.050164
vn -0.071247 0.997459 0.0
vn 0.0 1.0 0.0
vn -0.071247 0.997459 0.0
vn -0.050586 0.997459 0.050164
vn 0.0 1.0 0.0
vn -0.050586 0.997459 0.050164
vn 0.0 0.997459 0.071247
vn 0.0 1.0 0.0
vn 0.0 0.997459 0.071247
vn 0.050586 0.997459 0.050164
vn 0.0 1.0 0.0
vn 0.050586 0.997459 0.050164
vn 0.071247 0.997459 0.0
vn 0.0 1.0 0.0
vn 0.998404 0.056477 -0.0
vn 0.794461 0.052708 -0.605024
vn 0.998688 0.051215 -0.0
vn 0.794461 0.052708 -0.605024
vn 0.60133 0.052775 -0.797256
vn 0.137869 0.049177 -0.989229
vn -0.130055 0.049155 -0.990288
vn -0.595782 0.052803 -0.801409
vn 0.137869 0.049177 -0.989229
vn -0.595782 0.052803 -0.801409
vn -0.793767 0.052753 -0.60593
vn -0.989222 0.054276 -0.135992
vn -0.988929 0.054197 0.138136
vn -0.793151 0.052681 0.606742
vn -0.989222 0.054276 -0.135992
vn -0.793151 0.052681 0.606742
vn -0.597511 0.052793 0.800121
vn -0.131001 0.049083 0.990166
vn 0.136854 0.049246 0.989366
vn 0.704284 0.052764 0.707955
vn -0.131001 0.049083 0.990166
vn 0.704284 0.052764 0.707955
vn 0.70596 0.05431 0.706166
vn 0.998404 0.056477 -0.0
vn 0.071247 0.997459 -0.0
vn 0.050164 0.997459 -0.050586
vn 0.000396 1.0 -0.0
vn 0.050164 0.997459 -0.050586
vn 0.000291 0.997459 -0.071247
vn 0.000396 1.0 -0.0
vn 0.000291 0.997459 -0.071247
vn -0.049374 0.997509 -0.050377
vn 0.000396 1.0 -0.0
vn -0.049374 0.997509 -0.050377
vn -0.070249 0.99753 -0.0
vn 0.000396 1.0 -0.0
vn -0.070249 0.99753 -0.0
vn -0.049374 0.997509 0.050377
vn 0.000396 1.0 -0.0
vn -0.049374 0.997509 0.050377
vn 0.000291 0.997459 0.071247
vn 0.000396 1.0 -0.0
vn 0.000291 0.997459 0.071247
vn 0.050164 0.997459 0.050586
vn 0.000396 1.0 -0.0
vn 0.050164 0.997459 0.050586
vn 0.071247 0.997459 -0.0
vn 0.000396 1.0 -0.0
vn 0.998404 0.056478 -0.0
vn 0.794461 0.052709 -0.605024
vn 0.998688 0.051215 -0.0
vn 0.794461 0.052709 -0.605024
vn 0.60133 0.052775 -0.797256
vn 0.01543 0.056402 -0.998289
vn 0.01543 0.056402 -0.998289
vn -0.36715 0.05456 -0.92856
vn -0.603504 0.061502 -0.794984
vn -0.603504 0.061502 -0.794984
vn -0.798886 0.053296 -0.599117
vn -0.989132 0.055162 -0.136293
vn -0.988868 0.055093 0.13822
vn -0.792912 0.053122 0.607016
vn -0.989132 0.055162 -0.136293
vn -0.792912 0.053122 0.607016
vn -0.608554 0.074052 0.79005
vn -0.203463 0.065044 0.97692
vn 0.140454 0.049223 0.988863
vn 0.704284 0.052764 0.707955
vn -0.203463 0.065044 0.97692
vn 0.704284 0.052764 0.707955
vn 0.70596 0.054311 0.706166
vn 0.998404 0.056478 -0.0
vn 0.071247 0.997459 -0.0
vn 0.050164 0.997459 -0.050586
vn 0.000396 1.0 -0.0
vn 0.050164 0.997459 -0.050586
vn 0.000291 0.997459 -0.071247
vn 0.000396 1.0 -0.0
vn 0.000291 0.997459 -0.071247
vn -0.049374 0.997509 -0.050377
vn 0.000396 1.0 -0.0
vn -0.049374 0.997509 -0.050377
vn -0.070249 0.99753 -0.0
vn 0.000396 1.0 -0.0
vn -0.070249 0.99753 -0.0
vn -0.049374 0.997509 0.050377
vn 0.000396 1.0 -0.0
vn -0.049374 0.997509 0.050377
vn 0.000291 0.997459 0.071247
vn 0.000396 1.0 -0.0
vn 0.000291 0.997459 0.071247
vn 0.050164 0.997459 0.050586
vn 0.000396 1.0 -0.0
vn 0.050164 0.997459 0.050586
vn 0.071247 0.997459 -0.0
vn 0.000396 1.0 -0.0
vn 0.196117 0.98058 0.0
vn 0.087845 0.996134 0.0
vn 0.115103 0.993354 0.0
vn 0.115103 0.993354 0.0
vn 0.087845 0.996134 0.0
vn 0.033315 0.999445 0.0
vn 0.0 0.0 1.0
vn 0.294086 0.0 0.955779
vn 0.0 0.0 1.0
vn 0.802571 0.008539 -0.596496
vn 0.797463 0.005693 -0.60334
vn 0.580368 0.006259 -0.81433
vn 0.294086 0.0 0.955779
vn 0.588172 0.0 0.808736
vn 0.8 0.0 0.6
vn -0.115103 0.993354 0.0
vn -0.087845 0.996134 0.0
vn -0.196117 0.98058 0.0
vn -0.033315 0.999445 0.0
vn -0.087845 0.996134 0.0
vn -0.115103 0.993354 0.0
vn -0.443594 0.0 -0.896228
vn -0.795122 0.0 -0.606449
vn -0.443594 0.0 -0.896228
vn -0.798379 0.010641 0.602061
vn -0.585472 0.008043 0.810653
vn -0.799202 0.00532 0.60104
vn 0.0 0.0 -1.0
vn 0.0 0.0 -1.0
vn -0.443594 0.0 -0.896228
vn 1.0 0.0 0.0
vn 1.0 0.0 0.0
vn 1.0 0.0 0.0
vn 0.000922 0.993858 0.11066
vn 0.000614 0.996706 0.081092
vn 0.001652 0.980153 0.198234
vn 0.000093 0.999756 0.022095
vn 0.000614 0.996706 0.081092
vn 0.000922 0.993858 0.11066
vn 0.808736 0.0 0.588172
vn 1.0 0.0 0.0
vn 0.955779 0.0 0.294086
vn -0.895948 -0.005304 0.444127
vn -0.596594 -0.009582 0.802486
vn -0.894967 -0.010619 0.446006
vn 0.6 0.0 0.8
vn 0.808736 0.0 0.588172
vn 0.6 0.0 0.8
vn -0.999939 0.000131 -0.011046
vn -0.999938 0.0 -0.01111
vn -0.895948 -0.005304 0.444127
vn 0.0 0.98058 -0.196117
vn 0.0 0.996134 -0.087845
vn 0.0 0.993354 -0.115103
vn 0.0 0.993354 -0.115103
vn 0.0 0.996134 -0.087845
vn 0.0 0.999445 -0.033315
vn -0.6 0.0 -0.8
vn -0.894427 0.0 -0.447213
vn -0.6 0.0 -0.8
vn 0.955779 0.0 -0.294086
vn 0.810585 0.007759 -0.585569
vn 0.587519 0.007046 -0.80918
vn 0.0 1.0 0.0
vn 0.0 1.0 0.0
vn 0.0 1.0 0.0
vn 0.998559 0.053641 -0.001608
vn 0.99858 0.053267 -0.001195
vn 0.998578 0.053267 -0.002021
vn 0.99846 0.05547 0.0
vn 0.998539 0.054015 -0.001195
vn 0.998559 0.053641 -0.001608
vn 0.0 0.0 -1.0
vn 0.0 0.0 -1.0
vn 0.0 0.0 -1.0
vn -0.99846 0.05547 0.0
vn -0.999278 0.037983 -0.000812
vn -0.998375 0.056986 -0.000812
vn 0.312792 0.062473 0.947765
vn 0.312792 0.062473 0.947765
vn 0.315764 0.054131 0.947292
vn 0.322124 0.073918 -0.943807
vn 0.307989 0.064126 -0.949226
vn 0.3122 0.065392 -0.947763
vn 0.305943 0.06993 -0.949478
vn 0.30377 0.06286 -0.950669
vn 0.307989 0.064126 -0.949226
vn -0.996898 0.078702 0.0
vn -0.99664 0.081887 -0.001933
vn -0.996598 0.082392 -0.002216
vn -0.294086 0.0 0.955779
vn -0.799202 0.00532 0.60104
vn -0.585472 0.008043 0.810653
vn -0.801229 -0.000311 0.598358
vn -0.798379 0.010641 0.602061
vn -0.799202 0.00532 0.60104
vn -0.998375 0.056986 -0.000812
vn -0.999258 0.03851 -0.000812
vn -0.999593 0.028537 0.0
vn 0.998559 0.053641 -0.001608
vn 0.998539 0.054015 -0.001195
vn 0.99858 0.053267 -0.001195
vn 0.998559 0.053641 -0.001608
vn 0.998578 0.053267 -0.002021
vn 0.99861 0.052559 -0.004043
vn 0.0 0.0 -1.0
vn 0.0 0.0 -1.0
vn 0.0 0.0 -1.0
vn -0.998375 0.056986 -0.000812
vn -0.999278 0.037983 -0.000812
vn -0.999258 0.03851 -0.000812
vn 0.0 0.0 1.0
vn 0.0 0.0 1.0
vn 0.0 0.0 1.0
vn -0.8 0.0 0.600001
vn -0.801229 -0.000311 0.598358
vn -0.799202 0.00532 0.60104
vn 0.581211 0.01057 -0.813684
vn 0.587519 0.007046 -0.80918
vn 0.810585 0.007759 -0.585569
vn 0.808736 0.0 -0.588172
vn 0.797463 0.005693 -0.60334
vn 0.802571 0.008539 -0.596496
vn -0.443594 0.0 -0.896228
vn 0.0 0.0 -1.0
vn -0.443594 0.0 -0.896228
vn 0.955779 0.0 0.294086
vn 0.6 0.0 0.8
vn 0.808736 0.0 0.588172
vn -0.894967 -0.010619 0.446006
vn -0.999939 0.000131 -0.011046
vn -0.895948 -0.005304 0.444127
vn 0.0 0.0 -1.0
vn 0.0 0.0 -1.0
vn 0.0 0.0 -1.0
vn -1.0 0.0 0.0
vn -1.0 0.0 0.0
vn -1.0 0.0 0.0
vn 0.587519 0.007046 -0.80918
vn 0.581211 0.01057 -0.813684
vn 0.5547 0.0 -0.83205
vn 0.8 0.0 0.6
vn 0.588172 0.0 0.808736
vn 0.8 0.0 0.6
vn 0.3019 0.056319 -0.951675
vn 0.3122 0.065392 -0.947763
vn 0.307989 0.064126 -0.949226
vn -0.996552 0.082944 -0.001933
vn -0.996598 0.082392 -0.002216
vn -0.99664 0.081887 -0.001933
vn -0.996598 0.082392 -0.002216
vn -0.996552 0.082944 -0.001933
vn -0.996555 0.082896 -0.002499
vn -0.996598 0.082392 -0.002216
vn -0.996555 0.082896 -0.002499
vn -0.996371 0.084975 -0.004999
vn 0.307989 0.064126 -0.949226
vn 0.30377 0.06286 -0.950669
vn 0.3019 0.056319 -0.951675
vn -0.998685 0.051215 0.002091
vn -0.924103 0.044312 0.379565
vn -0.998811 0.048736 0.001046
vn -0.136292 0.055162 0.989132
vn -0.605413 0.053199 0.794132
vn 0.137853 0.055621 0.98889
vn 0.929229 0.055388 0.365329
vn 0.979735 0.053478 0.193025
vn 0.794885 0.059111 0.603873
vn 0.026937 0.051196 -0.998325
vn -0.36715 0.05456 -0.92856
vn 0.01543 0.056402 -0.998289
vn -0.989132 0.055162 -0.136293
vn -0.798886 0.053296 -0.599117
vn -0.988868 0.055093 0.13822
vn -0.387581 0.07772 0.918553
vn -0.203463 0.065044 0.97692
vn -0.608554 0.074052 0.79005
vn 0.979735 0.053478 0.193025
vn 0.929229 0.055388 0.365329
vn 0.987822 0.049175 -0.147614
vn 0.135991 0.054274 -0.989222
vn 0.604265 0.052778 -0.795034
vn -0.138136 0.054196 -0.988929
vn 0.706552 0.054299 -0.705575
vn 0.379632 0.051414 -0.923708
vn 0.708131 0.053396 -0.704059
vn -0.694847 0.0531 -0.717195
vn -0.141225 0.054167 -0.988495
vn -0.67986 0.054933 -0.731281
vn 0.998688 0.051215 -0.0
vn 0.704284 0.052764 0.707955
vn 0.998404 0.056477 -0.0
vn 0.137869 0.049177 -0.989229
vn 0.60133 0.052775 -0.797256
vn -0.130055 0.049155 -0.990288
vn -0.989222 0.054276 -0.135992
vn -0.793767 0.052753 -0.60593
vn -0.988929 0.054197 0.138136
vn -0.131001 0.049083 0.990166
vn -0.597511 0.052793 0.800121
vn 0.136854 0.049246 0.989366
vn -0.998811 0.048736 0.001046
vn -0.797256 0.052775 -0.60133
vn -0.998685 0.051215 0.002091
vn 0.998688 0.051215 0.0
vn 0.707955 0.052764 0.704284
vn 0.998801 0.048962 0.0
vn -0.989594 0.050749 -0.134638
vn -0.914952 0.046921 -0.400827
vn -0.989522 0.049253 0.13572
vn -0.135991 0.054276 0.989222
vn -0.604264 0.052779 0.795034
vn 0.138136 0.054197 0.988929
vn 0.998688 0.051215 -0.0
vn 0.704284 0.052764 0.707955
vn 0.998404 0.056478 -0.0
vn -0.203463 0.065044 0.97692
vn -0.387581 0.07772 0.918553
vn 0.140454 0.049223 0.988863
vn 0.01543 0.056402 -0.998289
vn 0.60133 0.052775 -0.797256
vn 0.026937 0.051196 -0.998325
vn -0.817515 0.0 -0.575907
vn -0.73629 0.461896 -0.494499
vn -0.614645 0.33685 -0.713262
vn -0.89374 0.326889 -0.3072
vn -0.73629 0.461896 -0.494499
vn -0.817515 0.0 -0.575907
vn -0.43691 0.564367 0.700428
vn -0.247185 0.950812 0.186698
vn -0.872909 0.392961 0.289156
vn 0.109508 0.441283 0.890661
vn -0.041578 0.946854 0.318966
vn -0.43691 0.564367 0.700428
vn -0.73629 0.461896 -0.494499
vn -0.358534 0.891753 -0.276099
vn -0.614645 0.33685 -0.713262
vn -0.89374 0.326889 -0.3072
vn -0.298469 0.946197 -0.125009
vn -0.73629 0.461896 -0.494499
vn -0.895256 0.438371 -0.079673
vn -0.37693 0.924961 -0.048697
vn -0.89374 0.326889 -0.3072
vn -0.77471 0.61612 0.142197
vn -0.449952 0.891025 0.060141
vn -0.895256 0.438371 -0.079673
vn 0.966235 0.0 0.257663
vn 0.965933 0.000147 0.258791
vn 0.966092 -0.000192 0.258199
vn 0.573878 0.0 0.81894
vn 0.924738 0.000113 0.380604
vn 0.891005 -0.000018 0.453993
vn 0.092602 0.0 0.995703
vn 0.573878 0.0 0.81894
vn 0.424246 0.0 0.905547
vn -0.434134 0.0 0.900848
vn 0.092602 0.0 0.995703
vn -0.090335 0.0 0.995911
vn 0.092945 0.995638 -0.008083
vn 0.092871 0.995642 0.008502
vn 0.08446 0.995644 0.039493
vn 0.08446 0.995644 0.039493
vn 0.076259 0.995626 0.053971
vn 0.053885 0.995613 0.07649
vn 0.053885 0.995613 0.07649
vn 0.040287 0.995598 0.084624
vn 0.009015 0.995641 0.092827
vn 0.009015 0.995641 0.092827
vn -0.008585 0.995685 0.092404
vn -0.040106 0.99566 0.083981
vn -0.040106 0.99566 0.083981
vn -0.053968 0.995631 0.076194
vn -0.090352 0.99549 0.028914
vn -0.044147 0.99902 -0.00333
vn -0.097107 0.992866 -0.069198
vn -0.023233 0.998289 -0.05366
vn 0.069666 0.994741 -0.075085
vn 0.084635 0.995647 -0.039045
vn 0.092945 0.995638 -0.008083
vn 0.99636 0.0 -0.085247
vn 0.995772 0.0 0.091861
vn 0.906455 0.0 0.422303
vn 0.906455 0.0 0.422303
vn 0.817708 0.0 0.575633
vn 0.58033 0.0 0.814382
vn 0.58033 0.0 0.814382
vn 0.433196 0.0 0.9013
vn 0.093744 0.0 0.995596
vn 0.093744 0.0 0.995596
vn -0.100913 0.0 0.994895
vn -0.432274 0.0 0.901742
vn -0.432274 0.0 0.901742
vn -0.572195 0.0 0.820117
vn -0.810556 0.0 0.585661
vn -0.995772 0.0 0.091861
vn -0.99636 0.0 -0.085247
vn -0.905879 0.0 -0.423536
vn -0.905879 0.0 -0.423536
vn -0.811807 0.0 -0.583926
vn -0.565528 0.0 -0.824729
vn -0.565528 0.0 -0.824729
vn -0.416968 0.0 -0.908921
vn -0.091861 0.0 -0.995772
vn -0.091861 0.0 -0.995772
vn 0.085247 0.0 -0.99636
vn 0.418222 0.0 -0.908345
vn 0.418222 0.0 -0.908345
vn 0.573879 0.0 -0.81894
vn 0.81894 0.0 -0.573879
vn 0.81894 0.0 -0.573879
vn 0.908345 0.0 -0.418222
vn 0.99636 0.0 -0.085247
vn 0.945649 0.314282 -0.083511
vn 0.742122 0.667753 0.05797
vn 0.858804 0.3185 0.401265
vn 0.858804 0.3185 0.401265
vn 0.616079 0.66531 0.421674
vn 0.55076 0.302837 0.777787
vn 0.55076 0.302837 0.777787
vn 0.328157 0.660948 0.674879
vn 0.084178 0.308509 0.94749
vn 0.084178 0.308509 0.94749
vn -0.060264 0.663836 0.745446
vn -0.40163 0.300429 0.865122
vn -0.40163 0.300429 0.865122
vn -0.423172 0.662137 0.618465
vn -0.777501 0.311851 0.546115
vn -0.777501 0.311851 0.546115
vn -0.67193 0.668597 0.318572
vn -0.945006 0.315935 0.084555
vn -0.945006 0.315935 0.084555
vn -0.743012 0.66692 -0.056128
vn -0.862255 0.312081 -0.398901
vn -0.862255 0.312081 -0.398901
vn -0.619822 0.662456 -0.420681
vn -0.550973 0.29865 -0.779254
vn -0.550973 0.29865 -0.779254
vn -0.326442 0.658304 -0.678286
vn -0.084047 0.295158 -0.951745
vn -0.084047 0.295158 -0.951745
vn 0.057807 0.657964 -0.750828
vn 0.401062 0.294628 -0.867377
vn 0.401062 0.294628 -0.867377
vn 0.425961 0.660342 -0.61847
vn 0.780925 0.305216 -0.544976
vn 0.780925 0.305216 -0.544976
vn 0.674456 0.665901 -0.31888
vn 0.945649 0.314282 -0.083511
vn -0.044147 0.99902 -0.00333
vn -0.003176 0.999861 -0.016346
vn -0.008774 0.999959 -0.002196
vn 0.96597 -0.000029 0.258652
vn 0.996008 0.00032 0.089269
vn 0.891005 -0.000018 0.453993
vn 0.996008 0.00032 0.089269
vn 0.996138 0.0 -0.087796
vn 0.907727 0.0 -0.419561
vn 0.00017 0.997899 0.06479
vn -0.000227 0.997834 0.065777
vn 0.0 0.997623 0.068904
vn -0.298428 0.934551 -0.193793
vn -0.328919 0.862445 -0.384708
vn -0.009104 0.990035 -0.140529
vn 0.000742 0.691069 0.722788
vn -0.0 -0.0 1.0
vn 0.0 0.883394 0.46863
vn 0.009108 0.999268 -0.037143
vn 0.346998 0.937741 -0.01533
vn 0.012543 0.998817 -0.046982
vn -0.008772 -0.0 0.999962
vn 0.000632 -0.406521 0.913641
vn -0.0 -0.0 1.0
vn 0.001151 0.999444 0.033324
vn 0.0 0.99711 0.075977
vn 0.0 0.997623 0.068904
vn -0.612456 -0.000614 -0.790504
vn -0.614645 0.33685 -0.713262
vn -0.797586 -0.004613 -0.603188
vn 0.0 1.0 0.0
vn 0.244508 0.909043 -0.337426
vn 0.200433 0.840446 -0.503465
vn 0.0 1.0 0.0
vn 0.0 1.0 0.0
vn 0.0 1.0 0.0
vn 0.0 1.0 0.0
vn 0.0 1.0 0.0
vn 0.0 1.0 0.0
vn -0.247185 0.950812 0.186698
vn 0.0 1.0 0.0
vn -0.433073 0.881558 0.187891
vn -0.07133 0.978068 0.195691
vn -0.247185 0.950812 0.186698
vn -0.246375 0.905093 0.346563
vn 0.0 1.0 0.0
vn -0.07133 0.978068 0.195691
vn 0.0 1.0 0.0
vn -0.247185 0.950812 0.186698
vn 0.0 1.0 0.0
vn 0.0 1.0 0.0
vn 0.0 0.883394 0.46863
vn 0.00017 0.997899 0.06479
vn 0.000742 0.691069 0.722788
vn -0.000063 0.93272 -0.360603
vn -0.016329 0.998785 -0.04649
vn -0.209654 0.973432 -0.092061
vn 0.614645 0.33685 -0.713262
vn 0.73629 0.461896 -0.494499
vn 0.817515 0.0 -0.575907
vn 0.817515 0.0 -0.575907
vn 0.73629 0.461896 -0.494499
vn 0.89374 0.326889 -0.3072
vn 0.872909 0.392961 0.289156
vn 0.288934 0.932144 0.21823
vn 0.43691 0.564367 0.700428
vn 0.43691 0.564367 0.700428
vn 0.041636 0.946855 0.318954
vn -0.10947 0.441223 0.890696
vn 0.614645 0.33685 -0.713262
vn 0.256325 0.946221 -0.19739
vn 0.73629 0.461896 -0.494499
vn 0.73629 0.461896 -0.494499
vn 0.348924 0.925686 -0.146142
vn 0.89374 0.326889 -0.3072
vn 0.89374 0.326889 -0.3072
vn 0.37693 0.924961 -0.048697
vn 0.895256 0.438371 -0.079673
vn 0.895256 0.438371 -0.079673
vn 0.449952 0.891025 0.060141
vn 0.77471 0.61612 0.142197
vn -0.966092 -0.000192 0.258199
vn -0.965933 0.000147 0.258791
vn -0.966235 0.0 0.257663
vn -0.891006 -0.000018 0.453993
vn -0.924738 0.000114 0.380604
vn -0.573878 0.0 0.81894
vn -0.424246 0.0 0.905547
vn -0.573878 0.0 0.81894
vn -0.092602 0.0 0.995703
vn 0.090335 0.0 0.995911
vn -0.092602 0.0 0.995703
vn 0.434134 0.0 0.900848
vn -0.08446 0.995644 0.039493
vn -0.092871 0.995642 0.008502
vn -0.092945 0.995638 -0.008083
vn -0.053239 0.995638 0.076624
vn -0.075631 0.995664 0.054163
vn -0.08446 0.995644 0.039493
vn -0.009242 0.995645 0.092771
vn -0.039883 0.995603 0.084757
vn -0.053239 0.995638 0.076624
vn 0.040028 0.995639 0.084267
vn 0.008156 0.995672 0.09258
vn -0.009242 0.995645 0.092771
vn 0.090763 0.995465 0.028497
vn 0.054195 0.995637 0.075956
vn 0.040028 0.995639 0.084267
vn 0.019514 0.998361 -0.053798
vn 0.097911 0.992804 -0.06895
vn 0.051435 0.99867 -0.003495
vn -0.092945 0.995638 -0.008083
vn -0.084332 0.995652 -0.03957
vn -0.069239 0.994725 -0.07568
vn -0.903963 0.0 0.42761
vn -0.995772 0.0 0.091861
vn -0.99636 0.0 -0.085247
vn -0.572196 0.0 0.820117
vn -0.810557 0.0 0.58566
vn -0.903963 0.0 0.42761
vn -0.100913 0.0 0.994895
vn -0.432274 0.0 0.901742
vn -0.572196 0.0 0.820117
vn 0.433196 0.0 0.9013
vn 0.093744 0.0 0.995596
vn -0.100913 0.0 0.994895
vn 0.817708 0.0 0.575633
vn 0.58033 0.0 0.814382
vn 0.433196 0.0 0.9013
vn 0.995772 0.0 0.091861
vn 0.906455 0.0 0.422303
vn 0.817708 0.0 0.575633
vn 0.908345 0.0 -0.418222
vn 0.99636 0.0 -0.085247
vn 0.995772 0.0 0.091861
vn 0.573879 0.0 -0.81894
vn 0.81894 0.0 -0.573879
vn 0.908345 0.0 -0.418222
vn 0.085247 0.0 -0.99636
vn 0.418222 0.0 -0.908345
vn 0.573879 0.0 -0.81894
vn -0.416969 0.0 -0.908921
vn -0.091861 0.0 -0.995772
vn 0.085247 0.0 -0.99636
vn -0.811807 0.0 -0.583926
vn -0.565529 0.0 -0.824729
vn -0.416969 0.0 -0.908921
vn -0.858804 0.3185 0.401265
vn -0.742122 0.667753 0.05797
vn -0.945649 0.314282 -0.083511
vn -0.55076 0.302837 0.777788
vn -0.616079 0.66531 0.421674
vn -0.858804 0.3185 0.401265
vn -0.084179 0.308509 0.94749
vn -0.328157 0.660948 0.674879
vn -0.55076 0.302837 0.777788
vn 0.404207 0.300509 0.863893
vn 0.060264 0.663836 0.745446
vn -0.084179 0.308509 0.94749
vn 0.780339 0.305182 0.545835
vn 0.426092 0.65996 0.618788
vn 0.404207 0.300509 0.863893
vn 0.945331 0.314354 0.086777
vn 0.67397 0.665547 0.320644
vn 0.780339 0.305182 0.545835
vn 0.85972 0.318598 -0.399221
vn 0.742368 0.667706 -0.055294
vn 0.945331 0.314354 0.086777
vn 0.547586 0.302942 -0.779985
vn 0.616411 0.665618 -0.420702
vn 0.85972 0.318598 -0.399221
vn 0.084047 0.295158 -0.951745
vn 0.326442 0.658304 -0.678286
vn 0.547586 0.302942 -0.779985
vn -0.401062 0.294628 -0.867377
vn -0.057807 0.657964 -0.750828
vn 0.084047 0.295158 -0.951745
vn -0.780925 0.305216 -0.544977
vn -0.425961 0.660342 -0.61847
vn -0.401062 0.294628 -0.867377
vn -0.945649 0.314282 -0.083511
vn -0.674456 0.665901 -0.31888
vn -0.780925 0.305216 -0.544977
vn -0.891006 -0.000018 0.453993
vn -0.996008 0.00032 0.089269
vn -0.965971 -0.000029 0.258652
vn 0.0 0.883394 0.46863
vn -0.0 -0.0 1.0
vn -0.000742 0.691069 0.722788
vn -0.00007 0.970821 -0.239803
vn 0.009104 0.990035 -0.140529
vn 0.298428 0.934551 -0.193793
vn -0.0 -0.0 1.0
vn -0.000632 -0.406521 0.913641
vn 0.008772 -0.0 0.999962
vn 0.797586 -0.004613 -0.603188
vn 0.614645 0.33685 -0.713262
vn 0.612456 -0.000614 -0.790504
vn 0.0 1.0 0.0
vn -0.146426 0.989139 -0.012807
vn 0.000414 0.999717 -0.023788
vn 0.0 1.0 0.0
vn 0.057333 0.901075 -0.429856
vn 0.0 1.0 0.0
vn 0.0 1.0 0.0
vn 0.0 1.0 0.0
vn 0.0 1.0 0.0
vn 0.256325 0.946221 -0.19739
vn 0.0 1.0 0.0
vn 0.348924 0.925686 -0.146142
vn 0.159816 0.906741 -0.390231
vn 0.256325 0.946221 -0.19739
vn 0.338765 0.820515 -0.460427
vn 0.0 1.0 0.0
vn 0.159816 0.906741 -0.390231
vn 0.057333 0.901075 -0.429856
vn 0.0 1.0 0.0
vn 0.256325 0.946221 -0.19739
vn 0.0 1.0 0.0
vn 0.0 1.0 0.0
vn 0.37693 0.924961 -0.048697
vn 0.348924 0.925686 -0.146142
vn 0.0 1.0 0.0
vn 0.37693 0.924961 -0.048697
vn 0.0 1.0 0.0
vn 0.021454 0.997918 -0.060824
vn 0.000307 0.999797 -0.020129
vn -0.000063 0.93272 -0.360603
vn 0.059188 0.0 -0.998247
vn 0.118375 0.0 -0.992969
vn 0.176939 0.0 -0.984222
vn -0.118375 0.0 -0.992969
vn -0.059188 0.0 -0.998247
vn 0.059188 0.0 -0.998247
vn 0.004216 0.999439 -0.03323
vn 0.00204 0.999409 -0.034321
vn -0.003162 0.999432 -0.033538
vn -0.176939 0.0 -0.984222
vn -0.176939 0.0 -0.984222
vn -0.118375 0.0 -0.992969
vn -0.176939 0.0 -0.984222
vn -0.118375 0.0 -0.992969
vn -0.059188 0.0 -0.998247
vn -0.059188 0.0 -0.998247
vn 0.059188 0.0 -0.998247
vn 0.118375 0.0 -0.992969
vn 0.003162 0.999432 -0.033538
vn -0.00204 0.999409 -0.034321
vn -0.004216 0.999439 -0.03323
vn 0.118375 0.0 -0.992969
vn 0.176939 0.0 -0.984222
vn 0.176939 0.0 -0.984222
vn -0.274843 0.936565 -0.217501
vn 0.0 1.0 0.0
vn 0.0 1.0 0.0
vn 0.008325 0.999924 0.009074
vn 0.0 1.0 0.0
vn 0.0 1.0 0.0
vn 0.0 1.0 0.0
vn 0.0 1.0 0.0
vn 0.0 1.0 0.0
vn 0.0 1.0 0.0
vn 0.008325 0.999924 0.009074
vn 0.0 1.0 0.0
vn 0.0 1.0 0.0
vn 0.0 1.0 0.0
vn 0.123035 0.977195 0.173066
vn 0.123035 0.977195 0.173066
vn 0.0 1.0 0.0
vn 0.0 1.0 0.0
vn 0.288934 0.932144 0.21823
vn 0.0 1.0 0.0
vn 0.0 1.0 0.0
vn -0.059695 0.898214 -0.435486
vn 0.0 1.0 0.0
vn 0.0 1.0 0.0
vn 0.0 1.0 0.0
vn 0.0 1.0 0.0
vn -0.181991 0.950685 -0.251152
vn -0.056762 0.968613 0.242006
vn 0.0 1.0 0.0
vn 0.0 1.0 0.0
vn 0.041636 0.946855 0.318954
vn 0.085949 0.967994 0.235798
vn 0.0 1.0 0.0
vn 0.0 1.0 0.0
vn 0.0 1.0 0.0
vn 0.0 1.0 0.0
vn -0.358534 0.891753 -0.276099
vn -0.298469 0.946197 -0.125009
vn 0.0 1.0 0.0
vn -0.37693 0.924961 -0.048697
vn 0.0 1.0 0.0
vn 0.0 1.0 0.0
vn 0.255443 0.965938 -0.041385
vn 0.0 1.0 0.0
vn 0.0 1.0 0.0
vn 0.425544 0.878524 -0.217042
vn 0.274843 0.936565 -0.217501
vn 0.255443 0.965938 -0.041385
vn 0.0 1.0 0.0
vn 0.0 1.0 0.0
vn 0.0 1.0 0.0
vn -0.007261 0.999974 0.00027
vn 0.0 1.0 0.0
vn 0.0 1.0 0.0
vn -0.007261 0.999974 0.00027
vn 0.0 1.0 0.0
vn 0.0 1.0 0.0
vn -0.191059 0.86363 -0.466518
vn -0.197119 0.943063 -0.267911
vn 0.0 1.0 0.0
vn 0.059619 0.898217 -0.43549
vn 0.0 1.0 0.0
vn 0.0 1.0 0.0
vn -0.041578 0.946854 0.318966
vn 0.0 1.0 0.0
vn 0.0 1.0 0.0
vn 0.798554 0.05278 -0.599604
vn 0.987822 0.049175 -0.147614
vn 0.604265 0.052778 -0.795034
vn -0.605024 0.052708 -0.794461
vn -0.138136 0.054196 -0.988929
vn -0.797256 0.052775 -0.60133
vn -0.605413 0.053199 0.794132
vn -0.799413 0.051023 0.598611
vn -0.924103 0.044312 0.379565
vn 0.604982 0.054091 0.7944
vn 0.137853 0.055621 0.98889
vn 0.794885 0.059111 0.603873
vn 0.708131 0.053396 -0.704059
vn 0.998801 0.048962 0.0
vn 0.706552 0.054299 -0.705575
vn -0.141225 0.054167 -0.988495
vn 0.13258 0.051604 -0.989828
vn 0.379632 0.051414 -0.923708
vn -0.989594 0.050749 -0.134638
vn -0.694847 0.0531 -0.717195
vn -0.914952 0.046921 -0.400827
vn -0.798554 0.052781 0.599604
vn -0.989522 0.049253 0.13572
vn -0.604264 0.052779 0.795034
vn 0.707955 0.052764 0.704284
vn 0.138136 0.054197 0.988929
vn 0.706166 0.054309 0.705961
vn 0.794461 0.052708 -0.605024
vn 0.998404 0.056477 -0.0
vn 0.60133 0.052775 -0.797256
vn -0.595782 0.052803 -0.801409
vn -0.130055 0.049155 -0.990288
vn -0.793767 0.052753 -0.60593
vn 0.704284 0.052764 0.707955
vn 0.136854 0.049246 0.989366
vn 0.70596 0.05431 0.706166
vn 0.794461 0.052709 -0.605024
vn 0.998404 0.056478 -0.0
vn 0.60133 0.052775 -0.797256
vn -0.798886 0.053296 -0.599117
vn -0.603504 0.061502 -0.794984
vn -0.36715 0.05456 -0.92856
vn -0.792912 0.053122 0.607016
vn -0.988868 0.055093 0.13822
vn -0.608554 0.074052 0.79005
vn 0.704284 0.052764 0.707955
vn 0.140454 0.049223 0.988863
vn 0.70596 0.054311 0.706166
vn 0.033315 0.999445 0.0
vn 0.033315 0.999445 0.0
vn 0.087845 0.996134 0.0
vn 0.294086 0.0 0.955779
vn 0.0 0.0 1.0
vn 0.588172 0.0 0.808736
vn 0.288016 0.0 -0.957625
vn 0.580368 0.006259 -0.81433
vn 0.797463 0.005693 -0.60334
vn -0.087845 0.996134 0.0
vn -0.033315 0.999445 0.0
vn -0.033315 0.999445 0.0
vn -0.795122 0.0 -0.606449
vn -0.443594 0.0 -0.896228
vn -0.795122 0.0 -0.606449
vn 0.000614 0.996706 0.081092
vn 0.000093 0.999756 0.022095
vn 0.0 0.999759 0.021973
vn -0.596594 -0.009582 0.802486
vn -0.895948 -0.005304 0.444127
vn -0.6 0.0 0.8
vn 0.0 0.999445 -0.033315
vn 0.0 0.999445 -0.033315
vn 0.0 0.996134 -0.087845
vn -0.894427 0.0 -0.447213
vn -0.6 0.0 -0.8
vn -0.894427 0.0 -0.447213
vn 0.0 1.0 0.0
vn 0.0 1.0 0.0
vn 0.0 1.0 0.0
vn 0.0 0.0 1.0
vn 0.0 0.0 1.0
vn 0.0 0.0 1.0
vn 0.0 0.0 -1.0
vn 0.0 0.0 -1.0
vn 0.0 0.0 -1.0
vn 0.312792 0.062473 0.947765
vn 0.312792 0.062473 0.947765
vn 0.309796 0.070811 0.948163
vn 0.995772 0.0 0.091861
vn 0.99636 0.0 -0.085247
vn 0.908345 0.0 -0.418222
vn 0.0 -1.0 0.0
vn 0.0 -1.0 0.0
vn 0.0 -1.0 0.0
vn -0.976775 0.001877 0.214261
vn -0.842641 -0.016611 0.53822
vn -0.876935 -0.032932 0.479479
vn 0.876935 -0.032932 0.479478
vn 0.842641 -0.016611 0.53822
vn 0.976775 0.001877 0.214261
vn 0.580368 0.006259 -0.81433
vn 0.288016 0.0 -0.957625
vn 0.0 0.0 -1.0
vn -0.585472 0.008043 0.810653
vn 0.0 0.0 1.0
vn -0.294086 0.0 0.955779
vn 1.0 0.0 0.0
vn 0.955779 0.0 -0.294086
vn 1.0 0.0 0.0
vn -0.894427 0.0 -0.447213
vn -0.894427 0.0 -0.447213
vn -1.0 0.0 0.0
vn 0.0 0.0 1.0
vn 0.0 0.0 1.0
vn 0.0 0.0 1.0
vn 0.0 0.0 1.0
vn 0.0 0.0 1.0
vn 0.0 0.0 1.0
vn 0.0 1.0 0.0
vn 0.0 1.0 0.0
vn 0.0 1.0 0.0
vn 0.0 0.0 1.0
vn 0.0 0.0 1.0
vn 0.0 0.0 1.0
vn 0.0 0.0 1.0
vn 0.0 0.0 1.0
vn 0.0 0.0 1.0
vn 0.0 0.0 -1.0
vn 0.0 0.0 -1.0
vn 0.288016 0.0 -0.957625
vn 1.0 0.0 0.0
vn 1.0 0.0 0.0
vn 1.0 0.0 0.0
vn 0.0 0.0 -1.0
vn 0.0 0.0 -1.0
vn 0.0 0.0 -1.0
vn -1.0 0.0 0.0
vn -0.894427 0.0 -0.447213
vn -1.0 0.0 0.0
vn -0.810556 0.0 0.585661
vn -0.903963 0.0 0.42761
vn -0.995772 0.0 0.091861
vn -0.99636 0.0 -0.085247
vn -0.905879 0.0 -0.423536
vn -0.811807 0.0 -0.583926
vn -0.906905 0.0 -0.421335
vn -0.996138 0.0 -0.087796
vn -0.996008 0.00032 0.089269
vn -0.793151 0.052681 0.606742
vn -0.988929 0.054197 0.138136
vn -0.597511 0.052793 0.800121
vn 0.0 0.0 1.0
vn -0.294086 0.0 0.955779
vn 0.0 0.0 1.0
vn 1.0 0.0 0.0
vn 1.0 0.0 0.0
vn 1.0 0.0 0.0
vn 1.0 0.0 0.0
vn 0.955779 0.0 0.294086
vn 1.0 0.0 0.0
vn 0.955779 0.0 -0.294086
vn 1.0 0.0 0.0
vn 0.810585 0.007759 -0.585569
vn 0.0 0.0 -1.0
vn 0.0 0.0 -1.0
vn 0.0 0.0 -1.0
vn -1.0 0.0 0.0
vn -1.0 0.0 0.0
vn -1.0 0.0 0.0

# group0, 805 grouped triangles

usemtl mtl14
o group0
g group0

f 3/1/1 2/2/2 1/3/3
f 5/4/4 4/5/5 3/6/6
f 7/7/7 6/8/8 4/9/9
f 9/10/10 8/11/11 7/12/12
f 11/13/13 10/14/14 9/15/15
f 13/16/16 12/17/17 11/18/18
f 15/19/19 14/20/20 13/21/21
f 17/22/22 16/23/23 8/24/24
f 19/25/25 18/26/26 10/27/27
f 22/28/28 21/29/29 20/30/30
f 25/31/31 24/32/32 23/33/33
f 27/34/34 26/35/35 25/36/36
f 29/37/37 28/38/38 27/39/39
f 31/40/40 30/41/41 29/42/42
f 33/43/43 32/44/44 31/45/45
f 35/46/46 34/47/47 33/48/48
f 2/49/49 36/50/50 35/51/51
f 37/52/52 36/53/53 2/54/54
f 39/55/55 37/56/56 38/57/57
f 40/58/58 39/59/59 4/60/60
f 41/61/61 40/62/62 6/63/63
f 7/64/64 4/65/65 5/66/66
f 15/67/67 43/68/68 42/69/69
f 46/70/70 45/71/71 44/72/72
f 48/73/73 47/74/74 46/75/75
f 27/76/76 44/77/77 45/78/78
f 46/79/79 47/80/80 45/81/81
f 47/82/82 49/83/83 45/84/84
f 48/85/85 50/86/86 47/87/87
f 29/88/88 45/89/89 49/90/90
f 47/91/91 51/92/92 49/93/93
f 31/94/94 49/95/95 51/96/96
f 51/97/97 53/98/98 52/99/99
f 50/100/100 54/101/101 47/102/102
f 54/103/103 53/104/104 47/105/105
f 46/106/106 44/107/107 55/108/108
f 46/109/109 56/110/110 48/111/111
f 53/112/112 57/113/113 52/114/114
f 58/115/115 56/116/116 46/117/117
f 44/118/118 27/119/119 55/120/120
f 45/121/121 29/122/122 27/123/123
f 49/124/124 31/125/125 29/126/126
f 51/127/127 33/128/128 31/129/129
f 52/130/130 35/131/131 33/132/132
f 57/133/133 35/134/134 52/135/135
f 15/136/136 42/137/137 59/138/138
f 62/139/139 61/140/140 60/141/141
f 65/142/142 64/143/143 63/144/144
f 68/145/145 67/146/146 66/147/147
f 70/148/148 69/149/149 68/150/150
f 72/151/151 71/152/152 70/153/153
f 42/154/154 71/155/155 72/156/156
f 74/157/157 66/158/158 73/159/159
f 75/160/160 68/161/161 74/162/162
f 76/163/163 70/164/164 75/165/165
f 77/166/166 72/167/167 76/168/168
f 79/169/169 78/170/170 77/171/171
f 78/172/172 79/173/173 80/174/174
f 80/175/175 82/176/176 81/177/177
f 84/178/178 61/179/179 83/180/180
f 61/181/181 84/182/182 60/183/183
f 60/184/184 86/185/185 85/186/186
f 85/187/187 88/188/188 87/189/189
f 73/190/190 90/191/191 89/192/192
f 92/193/193 74/194/194 91/195/195
f 93/196/196 75/197/197 92/198/198
f 94/199/199 76/200/200 93/201/201
f 95/202/202 77/203/203 94/204/204
f 96/205/205 79/206/206 95/207/207
f 97/208/208 82/209/209 96/210/210
f 98/211/211 83/212/212 97/213/213
f 99/214/214 84/215/215 98/216/216
f 100/217/217 86/218/218 99/219/219
f 101/220/220 88/221/221 100/222/222
f 102/223/223 89/224/224 101/225/225
f 105/226/226 104/227/227 103/228/228
f 107/229/229 106/230/230 105/231/231
f 109/232/232 108/233/233 107/234/234
f 111/235/235 110/236/236 109/237/237
f 113/238/238 112/239/239 111/240/240
f 115/241/241 114/242/242 113/243/243
f 117/244/244 116/245/245 115/246/246
f 119/247/247 118/248/248 117/249/249
f 121/250/250 120/251/251 119/252/252
f 123/253/253 122/254/254 121/255/255
f 125/256/256 124/257/257 123/258/258
f 103/259/259 126/260/260 125/261/261
f 103/262/262 127/263/263 105/264/264
f 105/265/265 127/266/266 107/267/267
f 107/268/268 127/269/269 109/270/270
f 109/271/271 127/272/272 111/273/273
f 111/274/274 127/275/275 113/276/276
f 113/277/277 127/278/278 115/279/279
f 115/280/280 127/281/281 117/282/282
f 117/283/283 127/284/284 119/285/285
f 119/286/286 127/287/287 121/288/288
f 121/289/289 127/290/290 123/291/291
f 123/292/292 127/293/293 125/294/294
f 125/295/295 127/296/296 103/297/297
f 72/298/298 59/299/299 42/300/300
f 72/301/301 78/302/302 59/303/303
f 80/304/304 14/305/305 59/306/306
f 128/307/307 81/308/308 61/309/309
f 81/310/310 129/311/311 80/312/312
f 65/313/313 63/314/314 130/315/315
f 90/316/316 132/317/317 131/318/318
f 133/319/319 85/320/320 87/321/321
f 87/322/322 131/323/323 133/324/324
f 130/325/325 132/326/326 66/327/327
f 23/328/328 20/329/329 21/330/330
f 65/331/331 130/332/332 66/333/333
f 27/334/334 134/335/335 55/336/336
f 46/337/337 55/338/338 58/339/339
f 131/340/340 135/341/341 133/342/342
f 138/343/343 137/344/344 136/345/345
f 139/346/346 132/347/347 130/348/348
f 137/349/349 140/350/350 55/351/351
f 137/352/352 55/353/353 134/354/354
f 141/355/355 136/356/356 137/357/357
f 134/358/358 142/359/359 137/360/360
f 145/361/361 144/362/362 143/363/363
f 143/364/364 146/365/365 145/366/366
f 22/367/367 145/368/368 21/369/369
f 140/370/370 58/371/371 55/372/372
f 147/373/373 139/374/374 63/375/375
f 143/376/376 144/377/377 148/378/378
f 149/379/379 143/380/380 148/381/381
f 133/382/382 149/383/383 148/384/384
f 8/385/385 6/386/386 7/387/387
f 10/388/388 8/389/389 9/390/390
f 12/391/391 10/392/392 11/393/393
f 14/394/394 12/395/395 13/396/396
f 59/397/397 14/398/398 15/399/399
f 27/400/400 25/401/401 134/402/402
f 2/403/403 35/404/404 57/405/405
f 150/406/406 6/407/407 8/408/408
f 16/409/409 150/410/410 8/411/411
f 151/412/412 17/413/413 10/414/414
f 18/415/415 151/416/416 10/417/417
f 129/418/418 19/419/419 12/420/420
f 24/421/421 20/422/422 23/423/423
f 26/424/424 24/425/425 25/426/426
f 28/427/427 26/428/428 27/429/429
f 30/430/430 28/431/431 29/432/432
f 32/433/433 30/434/434 31/435/435
f 34/436/436 32/437/437 33/438/438
f 36/439/439 34/440/440 35/441/441
f 16/442/442 41/443/443 150/444/444
f 1/445/445 57/446/446 152/447/447
f 51/448/448 52/449/449 33/450/450
f 48/451/451 56/452/452 153/453/453
f 53/454/454 54/455/455 152/456/456
f 156/457/457 155/458/458 154/459/459
f 82/460/460 80/461/461 79/462/462
f 83/463/463 81/464/464 82/465/465
f 86/466/466 60/467/467 84/468/468
f 88/469/469 85/470/470 86/471/471
f 89/472/472 87/473/473 88/474/474
f 14/475/475 129/476/476 12/477/477
f 14/478/478 80/479/479 129/480/480
f 81/481/481 158/482/482 157/483/483
f 26/484/484 160/485/485 159/486/486
f 161/487/487 17/488/488 18/489/489
f 163/490/490 131/491/491 162/492/492
f 165/493/493 141/494/494 164/495/495
f 145/496/496 62/497/497 60/498/498
f 22/499/499 62/500/500 145/501/501
f 60/502/502 85/503/503 148/504/504
f 148/505/505 85/506/506 133/507/507
f 145/508/508 60/509/509 144/510/510
f 144/511/511 60/512/512 148/513/513
f 47/514/514 53/515/515 51/516/516
f 57/517/517 53/518/518 152/519/519
f 168/520/520 167/521/521 166/522/522
f 166/523/523 170/524/524 169/525/525
f 170/526/526 172/527/527 171/528/528
f 171/529/529 174/530/530 173/531/531
f 173/532/532 176/533/533 175/534/534
f 175/535/535 178/536/536 177/537/537
f 177/538/538 180/539/539 179/540/540
f 174/541/541 182/542/542 181/543/543
f 176/544/544 184/545/545 183/546/546
f 186/547/547 141/548/548 185/549/549
f 136/550/550 188/551/551 187/552/552
f 187/553/553 190/554/554 189/555/555
f 189/556/556 192/557/557 191/558/558
f 191/559/559 194/560/560 193/561/561
f 193/562/562 196/563/563 195/564/564
f 195/565/565 198/566/566 197/567/567
f 197/568/568 199/569/569 167/570/570
f 167/571/571 199/572/572 200/573/573
f 202/574/574 200/575/575 201/576/576
f 170/577/577 201/578/578 203/579/579
f 172/580/580 203/581/581 204/582/582
f 169/583/583 170/584/584 171/585/585
f 206/586/586 205/587/587 179/588/588
f 209/589/589 208/590/590 207/591/591
f 207/592/592 211/593/593 210/594/594
f 208/595/595 209/596/596 189/597/597
f 208/598/598 211/599/599 207/600/600
f 208/601/601 212/602/602 211/603/603
f 211/604/604 213/605/605 210/606/606
f 212/607/607 208/608/608 191/609/609
f 212/610/610 214/611/611 211/612/612
f 214/613/613 212/614/614 193/615/615
f 216/616/616 215/617/617 214/618/618
f 211/619/619 217/620/620 213/621/621
f 211/622/622 215/623/623 217/624/624
f 218/625/625 209/626/626 207/627/627
f 210/628/628 219/629/629 207/630/630
f 216/631/631 220/632/632 215/633/633
f 207/634/634 219/635/635 221/636/636
f 218/637/637 189/638/638 209/639/639
f 189/640/640 191/641/641 208/642/642
f 191/643/643 193/644/644 212/645/645
f 193/646/646 195/647/647 214/648/648
f 195/649/649 197/650/650 216/651/651
f 216/652/652 197/653/653 220/654/654
f 222/655/655 206/656/656 179/657/657
f 225/658/658 224/659/659 223/660/660
f 228/661/661 227/662/662 226/663/663
f 231/664/664 230/665/665 229/666/666
f 229/667/667 233/668/668 232/669/669
f 232/670/670 235/671/671 234/672/672
f 234/673/673 235/674/674 206/675/675
f 237/676/676 231/677/677 236/678/678
f 236/679/679 229/680/680 238/681/681
f 238/682/682 232/683/683 239/684/684
f 239/685/685 234/686/686 240/687/687
f 240/688/688 242/689/689 241/690/690
f 243/691/691 241/692/692 242/693/693
f 245/694/694 244/695/695 243/696/696
f 247/697/697 224/698/698 246/699/699
f 225/700/700 246/701/701 224/702/702
f 249/703/703 248/704/704 225/705/705
f 251/706/706 250/707/707 249/708/708
f 253/709/709 252/710/710 237/711/711
f 255/712/712 236/713/713 254/714/714
f 254/715/715 238/716/716 256/717/717
f 256/718/718 239/719/719 257/720/720
f 257/721/721 240/722/722 258/723/723
f 258/724/724 241/725/725 259/726/726
f 259/727/727 244/728/728 260/729/729
f 260/730/730 247/731/731 261/732/732
f 261/733/733 246/734/734 262/735/735
f 262/736/736 248/737/737 263/738/738
f 263/739/739 250/740/740 264/741/741
f 264/742/742 253/743/743 265/744/744
f 265/745/745 237/746/746 255/747/747
f 268/748/748 267/749/749 266/750/750
f 266/751/751 270/752/752 269/753/753
f 269/754/754 272/755/755 271/756/756
f 271/757/757 274/758/758 273/759/759
f 273/760/760 276/761/761 275/762/762
f 275/763/763 278/764/764 277/765/765
f 277/766/766 280/767/767 279/768/768
f 279/769/769 282/770/770 281/771/771
f 281/772/772 284/773/773 283/774/774
f 283/775/775 286/776/776 285/777/777
f 285/778/778 288/779/779 287/780/780
f 287/781/781 289/782/782 268/783/783
f 266/784/784 290/785/785 268/786/786
f 269/787/787 290/788/788 266/789/789
f 271/790/790 290/791/791 269/792/792
f 273/793/793 290/794/794 271/795/795
f 275/796/796 290/797/797 273/798/798
f 277/799/799 290/800/800 275/801/801
f 279/802/802 290/803/803 277/804/804
f 281/805/805 290/806/806 279/807/807
f 283/808/808 290/809/809 281/810/810
f 285/811/811 290/812/812 283/813/813
f 287/814/814 290/815/815 285/816/816
f 268/817/817 290/818/818 287/819/819
f 206/820/820 222/821/821 234/822/822
f 222/823/823 242/824/824 234/825/825
f 222/826/826 180/827/827 243/828/828
f 245/829/829 291/830/830 224/831/831
f 243/832/832 292/833/833 245/834/834
f 293/835/835 228/836/836 226/837/837
f 163/838/838 294/839/839 252/840/840
f 251/841/841 249/842/842 135/843/843
f 135/844/844 163/845/845 251/846/846
f 231/847/847 294/848/848 293/849/849
f 141/850/850 186/851/851 136/852/852
f 231/853/853 293/854/854 226/855/855
f 218/856/856 295/857/857 189/858/858
f 221/859/859 218/860/860 207/861/861
f 137/862/862 23/863/863 21/864/864
f 293/865/865 294/866/866 139/867/867
f 218/868/868 140/869/869 137/870/870
f 295/871/871 218/872/872 137/873/873
f 142/874/874 25/875/875 23/876/876
f 138/877/877 187/878/878 295/879/879
f 143/880/880 297/881/881 296/882/882
f 296/883/883 299/884/884 298/885/885
f 141/886/886 296/887/887 185/888/888
f 218/889/889 221/890/890 140/891/891
f 228/892/892 139/893/893 147/894/894
f 149/895/895 297/896/896 143/897/897
f 171/898/898 172/899/899 174/900/900
f 173/901/901 174/902/902 176/903/903
f 175/904/904 176/905/905 178/906/906
f 177/907/907 178/908/908 180/909/909
f 179/910/910 180/911/911 222/912/912
f 295/913/913 187/914/914 189/915/915
f 220/916/916 197/917/917 167/918/918
f 174/919/919 172/920/920 300/921/921
f 174/922/922 300/923/923 182/924/924
f 176/925/925 181/926/926 301/927/927
f 176/928/928 301/929/929 184/930/930
f 178/931/931 183/932/932 292/933/933
f 136/934/934 186/935/935 188/936/936
f 187/937/937 188/938/938 190/939/939
f 189/940/940 190/941/941 192/942/942
f 191/943/943 192/944/944 194/945/945
f 193/946/946 194/947/947 196/948/948
f 195/949/949 196/950/950 198/951/951
f 197/952/952 198/953/953 199/954/954
f 300/955/955 204/956/956 182/957/957
f 302/958/958 220/959/959 168/960/960
f 195/961/961 216/962/962 214/963/963
f 303/964/964 219/965/965 210/966/966
f 302/967/967 217/968/968 215/969/969
f 224/970/970 304/971/971 223/972/972
f 241/973/973 243/974/974 244/975/975
f 244/976/976 245/977/977 247/978/978
f 246/979/979 225/980/980 248/981/981
f 248/982/982 249/983/983 250/984/984
f 250/985/985 251/986/986 253/987/987
f 178/988/988 292/989/989 180/990/990
f 292/991/991 243/992/992 180/993/993
f 306/994/994 291/995/995 305/996/996
f 198/997/997 307/998/998 200/999/999
f 203/1000/1000 308/1001/1001 204/1002/1002
f 294/1003/1003 163/1004/1004 162/1005/1005
f 143/1006/1006 310/1007/1007 309/1008/1008
f 225/1009/1009 223/1010/1010 296/1011/1011
f 296/1012/1012 223/1013/1013 185/1014/1014
f 149/1015/1015 249/1016/1016 225/1017/1017
f 135/1018/1018 249/1019/1019 149/1020/1020
f 297/1021/1021 225/1022/1022 296/1023/1023
f 149/1024/1024 225/1025/1025 297/1026/1026
f 214/1027/1027 215/1028/1028 211/1029/1029
f 302/1030/1030 215/1031/1031 220/1032/1032
f 134/1033/1033 25/1034/1034 142/1035/1035
f 295/1036/1036 137/1037/1037 138/1038/1038
f 313/1039/1039 312/1040/1040 311/1041/1041
f 315/1042/1042 312/1043/1043 314/1044/1044
f 317/1045/1045 313/1046/1046 316/1047/1047
f 317/1048/1048 318/1049/1049 313/1050/1050
f 320/1051/1051 317/1052/1052 319/1053/1053
f 315/1054/1054 311/1055/1055 312/1056/1056
f 322/1057/1057 320/1058/1058 321/1059/1059
f 323/1060/1060 311/1061/1061 315/1062/1062
f 320/1063/1063 322/1064/1064 318/1065/1065
f 313/1066/1066 314/1067/1067 312/1068/1068
f 320/1069/1069 318/1070/1070 317/1071/1071
f 324/1072/1072 321/1073/1073 320/1074/1074
f 327/1075/1075 326/1076/1076 325/1077/1077
f 329/1078/1078 326/1079/1079 328/1080/1080
f 331/1081/1081 325/1082/1082 330/1083/1083
f 325/1084/1084 332/1085/1085 330/1086/1086
f 334/1087/1087 330/1088/1088 333/1089/1089
f 326/1090/1090 327/1091/1091 328/1092/1092
f 336/1093/1093 333/1094/1094 335/1095/1095
f 328/1096/1096 327/1097/1097 337/1098/1098
f 332/1099/1099 335/1100/1100 333/1101/1101
f 326/1102/1102 329/1103/1103 325/1104/1104
f 330/1105/1105 332/1106/1106 333/1107/1107
f 333/1108/1108 336/1109/1109 338/1110/1110
f 188/1111/1111 339/1112/1112 190/1113/1113
f 340/1114/1114 188/1115/1115 186/1116/1116
f 185/1117/1117 340/1118/1118 186/1119/1119
f 185/1120/1120 341/1121/1121 340/1122/1122
f 223/1123/1123 341/1124/1124 185/1125/1125
f 223/1126/1126 342/1127/1127 341/1128/1128
f 343/1129/1129 342/1130/1130 223/1131/1131
f 344/1132/1132 304/1133/1133 224/1134/1134
f 291/1135/1135 346/1136/1136 345/1137/1137
f 291/1138/1138 345/1139/1139 347/1140/1140
f 291/1141/1141 344/1142/1142 224/1143/1143
f 291/1144/1144 347/1145/1145 344/1146/1146
f 349/1147/1147 348/1148/1148 201/1149/1149
f 204/1150/1150 308/1151/1151 182/1152/1152
f 351/1153/1153 291/1154/1154 350/1155/1155
f 352/1156/1156 339/1157/1157 291/1158/1158
f 353/1159/1159 352/1160/1160 291/1161/1161
f 350/1162/1162 354/1163/1163 351/1164/1164
f 181/1165/1165 355/1166/1166 301/1167/1167
f 356/1168/1168 181/1169/1169 182/1170/1170
f 357/1171/1171 356/1172/1172 182/1173/1173
f 308/1174/1174 357/1175/1175 182/1176/1176
f 194/1177/1177 358/1178/1178 196/1179/1179
f 359/1180/1180 194/1181/1181 192/1182/1182
f 190/1183/1183 359/1184/1184 192/1185/1185
f 190/1186/1186 360/1187/1187 359/1188/1188
f 360/1189/1189 190/1190/1190 361/1191/1191
f 362/1192/1192 361/1193/1193 339/1194/1194
f 364/1195/1195 307/1196/1196 363/1197/1197
f 365/1198/1198 362/1199/1199 339/1200/1200
f 364/1201/1201 363/1202/1202 365/1203/1203
f 364/1204/1204 365/1205/1205 339/1206/1206
f 291/1207/1207 366/1208/1208 350/1209/1209
f 183/1210/1210 368/1211/1211 367/1212/1212
f 301/1213/1213 354/1214/1214 184/1215/1215
f 306/1216/1216 366/1217/1217 291/1218/1218
f 367/1219/1219 292/1220/1220 183/1221/1221
f 245/1222/1222 305/1223/1223 291/1224/1224
f 245/1225/1225 369/1226/1226 305/1227/1227
f 292/1228/1228 369/1229/1229 245/1230/1230
f 292/1231/1231 370/1232/1232 369/1233/1233
f 371/1234/1234 370/1235/1235 292/1236/1236
f 354/1237/1237 368/1238/1238 184/1239/1239
f 373/1240/1240 372/1241/1241 156/1242/1242
f 16/1243/1243 374/1244/1244 41/1245/1245
f 156/1246/1246 376/1247/1247 375/1248/1248
f 37/1249/1249 377/1250/1250 36/1251/1251
f 39/1252/1252 379/1253/1253 378/1254/1254
f 378/1255/1255 377/1256/1256 39/1257/1257
f 156/1258/1258 375/1259/1259 373/1260/1260
f 40/1261/1261 379/1262/1262 39/1263/1263
f 374/1264/1264 40/1265/1265 41/1266/1266
f 61/1267/1267 380/1268/1268 128/1269/1269
f 81/1270/1270 381/1271/1271 156/1272/1272
f 62/1273/1273 380/1274/1274 61/1275/1275
f 154/1276/1276 382/1277/1277 156/1278/1278
f 26/1279/1279 159/1280/1280 24/1281/1281
f 159/1282/1282 22/1283/1283 24/1284/1284
f 156/1285/1285 381/1286/1286 155/1287/1287
f 22/1288/1288 383/1289/1289 62/1290/1290
f 62/1291/1291 384/1292/1292 380/1293/1293
f 62/1294/1294 383/1295/1295 384/1296/1296
f 30/1297/1297 160/1298/1298 28/1299/1299
f 159/1300/1300 385/1301/1301 382/1302/1302
f 386/1303/1303 156/1304/1304 382/1305/1305
f 385/1306/1306 386/1307/1307 382/1308/1308
f 377/1309/1309 387/1310/1310 36/1311/1311
f 387/1312/1312 388/1313/1313 36/1314/1314
f 34/1315/1315 388/1316/1316 32/1317/1317
f 388/1318/1318 30/1319/1319 32/1320/1320
f 156/1321/1321 158/1322/1322 81/1323/1323
f 81/1324/1324 157/1325/1325 129/1326/1326
f 156/1327/1327 389/1328/1328 158/1329/1329
f 390/1330/1330 19/1331/1331 129/1332/1332
f 156/1333/1333 372/1334/1334 389/1335/1335
f 19/1336/1336 391/1337/1337 18/1338/1338
f 129/1339/1339 157/1340/1340 390/1341/1341
f 143/1342/1342 309/1343/1343 392/1344/1344
f 145/1345/1345 393/1346/1346 21/1347/1347
f 21/1348/1348 395/1349/1349 394/1350/1350
f 21/1351/1351 310/1352/1352 137/1353/1353
f 21/1354/1354 394/1355/1355 310/1356/1356
f 143/1357/1357 392/1358/1358 146/1359/1359
f 393/1360/1360 395/1361/1361 21/1362/1362
f 395/1363/1363 393/1364/1364 396/1365/1365
f 141/1366/1366 299/1367/1367 296/1368/1368
f 296/1369/1369 298/1370/1370 143/1371/1371
f 141/1372/1372 165/1373/1373 397/1374/1374
f 143/1375/1375 164/1376/1376 137/1377/1377
f 143/1378/1378 298/1379/1379 398/1380/1380
f 143/1381/1381 399/1382/1382 164/1383/1383
f 141/1384/1384 397/1385/1385 299/1386/1386
f 143/1387/1387 398/1388/1388 399/1389/1389
f 346/1390/1390 401/1391/1391 400/1392/1392
f 401/1393/1393 339/1394/1394 402/1395/1395
f 340/1396/1396 403/1397/1397 402/1398/1398
f 403/1399/1399 341/1400/1400 404/1401/1401
f 404/1402/1402 343/1403/1403 405/1404/1404
f 405/1405/1405 304/1406/1406 406/1407/1407
f 344/1408/1408 407/1409/1409 406/1410/1410
f 407/1411/1411 347/1412/1412 400/1413/1413
f 400/1414/1414 401/1415/1415 408/1416/1416
f 401/1417/1417 402/1418/1418 408/1419/1419
f 402/1420/1420 403/1421/1421 408/1422/1422
f 403/1423/1423 404/1424/1424 408/1425/1425
f 404/1426/1426 405/1427/1427 408/1428/1428
f 405/1429/1429 406/1430/1430 408/1431/1431
f 406/1432/1432 407/1433/1433 408/1434/1434
f 407/1435/1435 400/1436/1436 408/1437/1437
f 308/1438/1438 410/1439/1439 409/1440/1440
f 410/1441/1441 349/1442/1442 411/1443/1443
f 411/1444/1444 364/1445/1445 412/1446/1446
f 352/1447/1447 353/1448/1448 412/1449/1449
f 351/1450/1450 414/1451/1451 413/1452/1452
f 414/1453/1453 355/1454/1454 415/1455/1455
f 356/1456/1456 416/1457/1457 415/1458/1458
f 416/1459/1459 357/1460/1460 308/1461/1461
f 409/1462/1462 410/1463/1463 417/1464/1464
f 410/1465/1465 411/1466/1466 417/1467/1467
f 411/1468/1468 412/1469/1469 417/1470/1470
f 412/1471/1471 413/1472/1472 417/1473/1473
f 413/1474/1474 414/1475/1475 417/1476/1476
f 414/1477/1477 415/1478/1478 417/1479/1479
f 415/1480/1480 416/1481/1481 417/1482/1482
f 416/1483/1483 409/1484/1484 417/1485/1485
f 307/1486/1486 419/1487/1487 418/1488/1488
f 419/1489/1489 358/1490/1490 420/1491/1491
f 359/1492/1492 421/1493/1493 420/1494/1494
f 421/1495/1495 360/1496/1496 422/1497/1497
f 361/1498/1498 423/1499/1499 422/1500/1500
f 423/1501/1501 362/1502/1502 424/1503/1503
f 365/1504/1504 425/1505/1505 424/1506/1506
f 425/1507/1507 363/1508/1508 307/1509/1509
f 418/1510/1510 419/1511/1511 426/1512/1512
f 419/1513/1513 420/1514/1514 426/1515/1515
f 420/1516/1516 421/1517/1517 426/1518/1518
f 421/1519/1519 422/1520/1520 426/1521/1521
f 422/1522/1522 423/1523/1523 426/1524/1524
f 423/1525/1525 424/1526/1526 426/1527/1527
f 424/1528/1528 425/1529/1529 426/1530/1530
f 425/1531/1531 418/1532/1532 426/1533/1533
f 354/1534/1534 428/1535/1535 427/1536/1536
f 428/1537/1537 350/1538/1538 429/1539/1539
f 429/1540/1540 306/1541/1541 430/1542/1542
f 430/1543/1543 305/1544/1544 431/1545/1545
f 369/1546/1546 432/1547/1547 431/1548/1548
f 432/1549/1549 370/1550/1550 433/1551/1551
f 367/1552/1552 434/1553/1553 433/1554/1554
f 434/1555/1555 368/1556/1556 354/1557/1557
f 427/1558/1558 428/1559/1559 435/1560/1560
f 428/1561/1561 429/1562/1562 435/1563/1563
f 429/1564/1564 430/1565/1565 435/1566/1566
f 430/1567/1567 431/1568/1568 435/1569/1569
f 431/1570/1570 432/1571/1571 435/1572/1572
f 432/1573/1573 433/1574/1574 435/1575/1575
f 433/1576/1576 434/1577/1577 435/1578/1578
f 434/1579/1579 427/1580/1580 435/1581/1581
f 438/1582/1582 437/1583/1583 436/1584/1584
f 436/1585/1585 437/1586/1586 439/1587/1587
f 374/1588/1588 436/1589/1589 439/1590/1590
f 438/1591/1591 376/1592/1592 437/1593/1593
f 436/1594/1594 373/1595/1595 438/1596/1596
f 442/1597/1597 441/1598/1598 440/1599/1599
f 443/1600/1600 441/1601/1601 442/1602/1602
f 159/1603/1603 440/1604/1604 441/1605/1605
f 155/1606/1606 381/1607/1607 440/1608/1608
f 444/1609/1609 383/1610/1610 159/1611/1611
f 380/1612/1612 384/1613/1613 443/1614/1614
f 447/1615/1615 446/1616/1616 445/1617/1617
f 448/1618/1618 446/1619/1619 447/1620/1620
f 385/1621/1621 160/1622/1622 447/1623/1623
f 387/1624/1624 445/1625/1625 446/1626/1626
f 386/1627/1627 385/1628/1628 445/1629/1629
f 449/1630/1630 388/1631/1631 387/1632/1632
f 452/1633/1633 451/1634/1634 450/1635/1635
f 450/1636/1636 451/1637/1637 453/1638/1638
f 372/1639/1639 161/1640/1640 452/1641/1641
f 450/1642/1642 158/1643/1643 452/1644/1644
f 456/1645/1645 455/1646/1646 454/1647/1647
f 454/1648/1648 392/1649/1649 309/1650/1650
f 457/1651/1651 146/1652/1652 454/1653/1653
f 454/1654/1654 394/1655/1655 456/1656/1656
f 456/1657/1657 395/1658/1658 455/1659/1659
f 298/1660/1660 459/1661/1661 458/1662/1662
f 164/1663/1663 460/1664/1664 165/1665/1665
f 459/1666/1666 299/1667/1667 460/1668/1668
f 460/1669/1669 164/1670/1670 458/1671/1671
f 442/1672/1672 440/1673/1673 381/1674/1674
f 154/1675/1675 155/1676/1676 440/1677/1677
f 455/1678/1678 396/1679/1679 393/1680/1680
f 454/1681/1681 146/1682/1682 392/1683/1683
f 454/1684/1684 309/1685/1685 310/1686/1686
f 310/1687/1687 394/1688/1688 454/1689/1689
f 455/1690/1690 395/1691/1691 396/1692/1692
f 443/1693/1693 128/1694/1694 380/1695/1695
f 382/1696/1696 154/1697/1697 440/1698/1698
f 389/1699/1699 452/1700/1700 158/1701/1701
f 375/1702/1702 376/1703/1703 438/1704/1704
f 441/1705/1705 444/1706/1706 159/1707/1707
f 447/1708/1708 445/1709/1709 385/1710/1710
f 446/1711/1711 449/1712/1712 387/1713/1713
f 160/1714/1714 449/1715/1715 448/1716/1716
f 379/1717/1717 374/1718/1718 439/1719/1719
f 452/1720/1720 389/1721/1721 372/1722/1722
f 438/1723/1723 373/1724/1724 375/1725/1725
f 397/1726/1726 165/1727/1727 460/1728/1728
f 399/1729/1729 458/1730/1730 164/1731/1731
f 458/1732/1732 399/1733/1733 398/1734/1734
f 458/1735/1735 398/1736/1736 298/1737/1737
f 460/1738/1738 299/1739/1739 397/1740/1740
f 342/1741/1741 343/1742/1742 404/1743/1743
f 406/1744/1744 304/1745/1745 344/1746/1746
f 345/1747/1747 400/1748/1748 347/1749/1749
f 366/1750/1750 306/1751/1751 429/1752/1752
f 431/1753/1753 305/1754/1754 369/1755/1755
f 371/1756/1756 433/1757/1757 370/1758/1758
f 400/1759/1759 345/1760/1760 346/1761/1761
f 402/1762/1762 339/1763/1763 340/1764/1764
f 348/1765/1765 349/1766/1766 410/1767/1767
f 412/1768/1768 364/1769/1769 352/1770/1770
f 418/1771/1771 425/1772/1772 307/1773/1773
f 420/1774/1774 358/1775/1775 359/1776/1776
f 422/1777/1777 360/1778/1778 361/1779/1779
f 424/1780/1780 362/1781/1781 365/1782/1782
f 404/1783/1783 341/1784/1784 342/1785/1785
f 409/1786/1786 416/1787/1787 308/1788/1788
f 413/1789/1789 353/1790/1790 351/1791/1791
f 415/1792/1792 355/1793/1793 356/1794/1794
f 427/1795/1795 434/1796/1796 354/1797/1797
f 433/1798/1798 371/1799/1799 367/1800/1800
f 429/1801/1801 350/1802/1802 366/1803/1803
f 3/1804/1804 38/1805/1805 2/1806/1806
f 4/1807/1807 38/1808/1808 3/1809/1809
f 10/1810/1810 17/1811/1811 8/1812/1812
f 12/1813/1813 19/1814/1814 10/1815/1815
f 38/1816/1816 37/1817/1817 2/1818/1818
f 4/1819/1819 39/1820/1820 38/1821/1821
f 6/1822/1822 40/1823/1823 4/1824/1824
f 150/1825/1825 41/1826/1826 6/1827/1827
f 461/1828/1828 63/1829/1829 64/1830/1830
f 67/1831/1831 65/1832/1832 66/1833/1833
f 69/1834/1834 67/1835/1835 68/1836/1836
f 71/1837/1837 69/1838/1838 70/1839/1839
f 90/1840/1840 73/1841/1841 66/1842/1842
f 66/1843/1843 74/1844/1844 68/1845/1845
f 68/1846/1846 75/1847/1847 70/1848/1848
f 70/1849/1849 76/1850/1850 72/1851/1851
f 72/1852/1852 77/1853/1853 78/1854/1854
f 81/1855/1855 83/1856/1856 61/1857/1857
f 87/1858/1858 89/1859/1859 90/1860/1860
f 73/1861/1861 91/1862/1862 74/1863/1863
f 74/1864/1864 92/1865/1865 75/1866/1866
f 75/1867/1867 93/1868/1868 76/1869/1869
f 76/1870/1870 94/1871/1871 77/1872/1872
f 77/1873/1873 95/1874/1874 79/1875/1875
f 82/1876/1876 97/1877/1877 83/1878/1878
f 83/1879/1879 98/1880/1880 84/1881/1881
f 84/1882/1882 99/1883/1883 86/1884/1884
f 86/1885/1885 100/1886/1886 88/1887/1887
f 88/1888/1888 101/1889/1889 89/1890/1890
f 89/1891/1891 102/1892/1892 73/1893/1893
f 126/1894/1894 103/1895/1895 104/1896/1896
f 104/1897/1897 105/1898/1898 106/1899/1899
f 106/1900/1900 107/1901/1901 108/1902/1902
f 108/1903/1903 109/1904/1904 110/1905/1905
f 110/1906/1906 111/1907/1907 112/1908/1908
f 112/1909/1909 113/1910/1910 114/1911/1911
f 114/1912/1912 115/1913/1913 116/1914/1914
f 116/1915/1915 117/1916/1916 118/1917/1917
f 118/1918/1918 119/1919/1919 120/1920/1920
f 120/1921/1921 121/1922/1922 122/1923/1923
f 122/1924/1924 123/1925/1925 124/1926/1926
f 124/1927/1927 125/1928/1928 126/1929/1929
f 81/1930/1930 128/1931/1931 381/1932/1932
f 132/1933/1933 90/1934/1934 66/1935/1935
f 90/1936/1936 131/1937/1937 87/1938/1938
f 131/1939/1939 163/1940/1940 135/1941/1941
f 136/1942/1942 187/1943/1943 138/1944/1944
f 132/1945/1945 139/1946/1946 162/1947/1947
f 393/1948/1948 145/1949/1949 146/1950/1950
f 130/1951/1951 63/1952/1952 139/1953/1953
f 149/1954/1954 133/1955/1955 135/1956/1956
f 1/1957/1957 2/1958/1958 57/1959/1959
f 160/1960/1960 26/1961/1961 28/1962/1962
f 385/1963/1963 159/1964/1964 160/1965/1965
f 374/1966/1966 161/1967/1967 373/1968/1968
f 17/1969/1969 374/1970/1970 16/1971/1971
f 18/1972/1972 17/1973/1973 151/1974/1974
f 161/1975/1975 18/1976/1976 391/1977/1977
f 17/1978/1978 161/1979/1979 374/1980/1980
f 162/1981/1981 131/1982/1982 132/1983/1983
f 137/1984/1984 164/1985/1985 141/1986/1986
f 167/1987/1987 202/1988/1988 166/1989/1989
f 166/1990/1990 202/1991/1991 170/1992/1992
f 174/1993/1993 181/1994/1994 176/1995/1995
f 176/1996/1996 183/1997/1997 178/1998/1998
f 167/1999/1999 200/2000/2000 202/2001/2001
f 202/2002/2002 201/2003/2003 170/2004/2004
f 170/2005/2005 203/2006/2006 172/2007/2007
f 172/2008/2008 204/2009/2009 300/2010/2010
f 227/2011/2011 228/2012/2012 462/2013/2013
f 231/2014/2014 226/2015/2015 230/2016/2016
f 229/2017/2017 230/2018/2018 233/2019/2019
f 232/2020/2020 233/2021/2021 235/2022/2022
f 231/2023/2023 237/2024/2024 252/2025/2025
f 229/2026/2026 236/2027/2027 231/2028/2028
f 232/2029/2029 238/2030/2030 229/2031/2031
f 234/2032/2032 239/2033/2033 232/2034/2034
f 242/2035/2035 240/2036/2036 234/2037/2037
f 224/2038/2038 247/2039/2039 245/2040/2040
f 252/2041/2041 253/2042/2042 251/2043/2043
f 236/2044/2044 255/2045/2045 237/2046/2046
f 238/2047/2047 254/2048/2048 236/2049/2049
f 239/2050/2050 256/2051/2051 238/2052/2052
f 240/2053/2053 257/2054/2054 239/2055/2055
f 241/2056/2056 258/2057/2057 240/2058/2058
f 244/2059/2059 259/2060/2060 241/2061/2061
f 247/2062/2062 260/2063/2063 244/2064/2064
f 246/2065/2065 261/2066/2066 247/2067/2067
f 248/2068/2068 262/2069/2069 246/2070/2070
f 250/2071/2071 263/2072/2072 248/2073/2073
f 253/2074/2074 264/2075/2075 250/2076/2076
f 267/2077/2077 268/2078/2078 289/2079/2079
f 270/2080/2080 266/2081/2081 267/2082/2082
f 272/2083/2083 269/2084/2084 270/2085/2085
f 274/2086/2086 271/2087/2087 272/2088/2088
f 276/2089/2089 273/2090/2090 274/2091/2091
f 278/2092/2092 275/2093/2093 276/2094/2094
f 280/2095/2095 277/2096/2096 278/2097/2097
f 282/2098/2098 279/2099/2099 280/2100/2100
f 284/2101/2101 281/2102/2102 282/2103/2103
f 286/2104/2104 283/2105/2105 284/2106/2106
f 288/2107/2107 285/2108/2108 286/2109/2109
f 289/2110/2110 287/2111/2111 288/2112/2112
f 231/2113/2113 252/2114/2114 294/2115/2115
f 162/2116/2116 139/2117/2117 294/2118/2118
f 137/2119/2119 142/2120/2120 23/2121/2121
f 139/2122/2122 228/2123/2123 293/2124/2124
f 220/2125/2125 167/2126/2126 168/2127/2127
f 343/2128/2128 223/2129/2129 304/2130/2130
f 307/2131/2131 196/2132/2132 358/2133/2133
f 349/2134/2134 307/2135/2135 364/2136/2136
f 200/2137/2137 349/2138/2138 201/2139/2139
f 198/2140/2140 200/2141/2141 199/2142/2142
f 307/2143/2143 198/2144/2144 196/2145/2145
f 349/2146/2146 200/2147/2147 307/2148/2148
f 348/2149/2149 203/2150/2150 201/2151/2151
f 308/2152/2152 203/2153/2153 348/2154/2154
f 310/2155/2155 143/2156/2156 137/2157/2157
f 316/2158/2158 313/2159/2159 311/2160/2160
f 319/2161/2161 317/2162/2162 316/2163/2163
f 314/2164/2164 313/2165/2165 318/2166/2166
f 324/2167/2167 320/2168/2168 319/2169/2169
f 327/2170/2170 325/2171/2171 331/2172/2172
f 331/2173/2173 330/2174/2174 334/2175/2175
f 332/2176/2176 325/2177/2177 329/2178/2178
f 334/2179/2179 333/2180/2180 338/2181/2181
f 188/2182/2182 340/2183/2183 339/2184/2184
f 291/2185/2185 351/2186/2186 353/2187/2187
f 339/2188/2188 352/2189/2189 364/2190/2190
f 346/2191/2191 291/2192/2192 339/2193/2193
f 355/2194/2194 351/2195/2195 301/2196/2196
f 301/2197/2197 351/2198/2198 354/2199/2199
f 181/2200/2200 356/2201/2201 355/2202/2202
f 194/2203/2203 359/2204/2204 358/2205/2205
f 339/2206/2206 361/2207/2207 190/2208/2208
f 292/2209/2209 367/2210/2210 371/2211/2211
f 183/2212/2212 184/2213/2213 368/2214/2214
f 372/2215/2215 373/2216/2216 161/2217/2217
f 37/2218/2218 39/2219/2219 377/2220/2220
f 40/2221/2221 374/2222/2222 379/2223/2223
f 22/2224/2224 159/2225/2225 383/2226/2226
f 20/2227/2227 24/2228/2228 22/2229/2229
f 377/2230/2230 386/2231/2231 387/2232/2232
f 156/2233/2233 377/2234/2234 376/2235/2235
f 156/2236/2236 386/2237/2237 377/2238/2238
f 34/2239/2239 36/2240/2240 388/2241/2241
f 30/2242/2242 388/2243/2243 160/2244/2244
f 19/2245/2245 390/2246/2246 391/2247/2247
f 401/2248/2248 346/2249/2249 339/2250/2250
f 403/2251/2251 340/2252/2252 341/2253/2253
f 304/2254/2254 405/2255/2255 343/2256/2256
f 407/2257/2257 344/2258/2258 347/2259/2259
f 410/2260/2260 308/2261/2261 348/2262/2262
f 364/2263/2263 411/2264/2264 349/2265/2265
f 413/2266/2266 412/2267/2267 353/2268/2268
f 414/2269/2269 351/2270/2270 355/2271/2271
f 416/2272/2272 356/2273/2273 357/2274/2274
f 419/2275/2275 307/2276/2276 358/2277/2277
f 421/2278/2278 359/2279/2279 360/2280/2280
f 425/2281/2281 365/2282/2282 363/2283/2283
f 428/2284/2284 354/2285/2285 350/2286/2286
f 305/2287/2287 430/2288/2288 306/2289/2289
f 432/2290/2290 369/2291/2291 370/2292/2292
f 434/2293/2293 367/2294/2294 368/2295/2295
f 463/2296/2296 439/2297/2297 437/2298/2298
f 436/2299/2299 374/2300/2300 373/2301/2301
f 377/2302/2302 437/2303/2303 376/2304/2304
f 441/2305/2305 443/2306/2306 444/2307/2307
f 440/2308/2308 159/2309/2309 382/2310/2310
f 446/2311/2311 448/2312/2312 449/2313/2313
f 445/2314/2314 387/2315/2315 386/2316/2316
f 464/2317/2317 453/2318/2318 451/2319/2319
f 451/2320/2320 452/2321/2321 161/2322/2322
f 457/2323/2323 454/2324/2324 455/2325/2325
f 457/2326/2326 393/2327/2327 146/2328/2328
f 395/2329/2329 456/2330/2330 394/2331/2331
f 459/2332/2332 298/2333/2333 299/2334/2334
f 91/2335/2335 73/2336/2336 102/2337/2337
f 13/2338/2338 11/2339/2339 15/2340/2340
f 80/2341/2341 59/2342/2342 78/2343/2343
f 242/2344/2344 222/2345/2345 243/2346/2346
f 437/2347/2347 377/2348/2348 463/2349/2349
f 381/2350/2350 128/2351/2351 442/2352/2352
f 157/2353/2353 450/2354/2354 453/2355/2355
f 451/2356/2356 161/2357/2357 464/2358/2358
f 157/2359/2359 464/2360/2360 390/2361/2361
f 393/2362/2362 457/2363/2363 455/2364/2364
f 460/2365/2365 458/2366/2366 459/2367/2367
f 453/2368/2368 464/2369/2369 157/2370/2370
f 391/2371/2371 390/2372/2372 464/2373/2373
f 378/2374/2374 463/2375/2375 377/2376/2376
f 444/2377/2377 384/2378/2378 383/2379/2379
f 463/2380/2380 378/2381/2381 379/2382/2382
f 464/2383/2383 161/2384/2384 391/2385/2385
f 79/2386/2386 96/2387/2387 82/2388/2388
f 237/2389/2389 265/2390/2390 253/2391/2391
f 251/2392/2392 163/2393/2393 252/2394/2394
f 423/2395/2395 361/2396/2396 362/2397/2397
f 443/2398/2398 442/2399/2399 128/2400/2400
f 444/2401/2401 443/2402/2402 384/2403/2403
f 448/2404/2404 447/2405/2405 160/2406/2406
f 450/2407/2407 157/2408/2408 158/2409/2409
f 449/2410/2410 160/2411/2411 388/2412/2412
f 463/2413/2413 379/2414/2414 439/2415/2415
